Date,Price,current_price,market_cap,market_cap_rank,total_volume,circulating_supply,max_supply,ath,atl,price_change_1h,price_change_24h,price_change_7d,price_change_30d,price_change_1y,last_updated
2025-05-09 19:13:04,103271.10877669229,103261,2051223052460,1,50803222819,19862471.0,21000000.0,108786,67.81,,2.0952,,,,2025-05-09T19:13:14.586Z
2025-05-09 19:16:32,103186.01923910932,103221,2051223052460,1,50916014953,19862471.0,21000000.0,108786,67.81,,2.05574,,,,2025-05-09T19:15:54.932Z
2025-05-09 19:19:05,103094.22400015956,103087,2049062921043,1,50893442875,19862471.0,21000000.0,108786,67.81,,1.9357,,,,2025-05-09T19:19:35.682Z
2025-05-09 19:22:23,103056.72274220582,103057,2047436849500,1,50820967317,19862471.0,21000000.0,108786,67.81,,1.87203,,,,2025-05-09T19:22:23.014Z
2025-05-09 19:25:24,103020.51895010468,103015,2047436849500,1,50659005837,19862471.0,21000000.0,108786,67.81,,1.83081,,,,2025-05-09T19:24:55.097Z
2025-05-09 19:28:25,103021.49268700989,103019,2046133066977,1,50517417780,19862471.0,21000000.0,108786,67.81,,1.71701,,,,2025-05-09T19:28:31.167Z
2025-05-09 19:30:55,103015.3965652714,103004,2046175218575,1,50523559003,19862471.0,21000000.0,108786,67.81,,1.71128,,,,2025-05-09T19:31:35.891Z
2025-05-09 19:34:15,103035.9093602038,103036,2046175218575,1,50581846528,19862471.0,21000000.0,108786,67.81,,1.74238,,,,2025-05-09T19:34:15.414Z
2025-05-09 19:37:38,103039.66621496092,103040,2046691860341,1,50219242701,19862471.0,21000000.0,108786,67.81,,1.75185,,,,2025-05-09T19:37:38.525Z
2025-05-09 19:40:40,103037.37808012209,103039,2046691860341,1,50153864723,19862471.0,21000000.0,108786,67.81,,1.75155,,,,2025-05-09T19:40:22.852Z
2025-05-09 19:43:12,103059.38464281672,103060,2046622535869,1,49901895538,19862471.0,21000000.0,108786,67.81,,1.81258,,,,2025-05-09T19:43:32.940Z
2025-05-09 19:46:24,103067.01351926876,103069,2047150228866,1,50260630072,19862471.0,21000000.0,108786,67.81,,1.7872,,,,2025-05-09T19:46:33.773Z
2025-05-09 19:49:44,103067.43209993916,103069,2047214847473,1,50342965575,19862471.0,21000000.0,108786,67.81,,1.78735,,,,2025-05-09T19:49:32.567Z
2025-05-09 19:52:47,103088.765340577,103093,2047214847473,1,50225454412,19862471.0,21000000.0,108786,67.81,,1.90829,,,,2025-05-09T19:52:02.761Z
2025-05-09 19:55:35,103109.76394507564,103106,2047651342084,1,50221786658,19862484.0,21000000.0,108786,67.81,,1.92143,,,,2025-05-09T19:55:13.017Z
2025-05-09 19:58:33,103115.52616867336,103115,2048097160366,1,50049279427,19862484.0,21000000.0,108786,67.81,,1.93606,,,,2025-05-09T19:58:53.235Z
2025-05-09 20:01:34,103153.77376430406,103161,2048097160366,1,49946933507,19862484.0,21000000.0,108786,67.81,,1.77852,,,,2025-05-09T20:01:42.386Z
2025-05-09 20:04:40,103179.5056766306,103185,2049034149716,1,49653545617,19862484.0,21000000.0,108786,67.81,,1.80264,,,,2025-05-09T20:04:48.515Z
2025-05-09 20:07:42,103234.44331132129,103233,2049896455266,1,49663673708,19862484.0,21000000.0,108786,67.81,,1.71598,,,,2025-05-09T20:07:21.894Z
2025-05-09 20:10:48,103304.21991055176,103303,2051387801651,1,47650630038,19862484.0,21000000.0,108786,67.81,,1.78478,,,,2025-05-09T20:10:41.010Z
2025-05-09 20:13:54,103354.36218115916,103356,2051387801651,1,48077491124,19862484.0,21000000.0,108786,67.81,,1.85667,,,,2025-05-09T20:13:27.519Z
2025-05-09 20:16:59,103330.54221840344,103335,2052874368613,1,48017746984,19862484.0,21000000.0,108786,67.81,,1.88259,,,,2025-05-09T20:16:12.114Z
2025-05-09 20:19:34,103339.2972374616,103339,2052457653339,1,47973907148,19862484.0,21000000.0,108786,67.81,,1.88563,,,,2025-05-09T20:19:46.983Z
2025-05-09 20:22:52,103334.2402676136,103334,2052479017402,1,47538972431,19862484.0,21000000.0,108786,67.81,,1.87819,,,,2025-05-09T20:22:52.156Z
2025-05-09 20:25:54,103334.41329142662,103334,2052479017402,1,47716986369,19862484.0,21000000.0,108786,67.81,,1.87792,,,,2025-05-09T20:25:32.649Z
2025-05-09 20:28:55,103342.0953674972,103342,2052481643266,1,47490086757,19862484.0,21000000.0,108786,67.81,,1.79652,,,,2025-05-09T20:28:50.281Z
2025-05-09 20:32:02,103323.76447465245,103324,2052570528750,1,47093192637,19862484.0,21000000.0,108786,67.81,,1.63945,,,,2025-05-09T20:32:02.406Z
2025-05-09 20:34:36,103293.13873881598,103293,2051785804075,1,47653464761,19862484.0,21000000.0,108786,67.81,,1.60932,,,,2025-05-09T20:34:36.378Z
2025-05-09 20:37:42,103266.10721112943,103267,2051785804075,1,46731632374,19862484.0,21000000.0,108786,67.81,,1.41141,,,,2025-05-09T20:37:34.724Z
2025-05-09 20:40:56,103244.44717807768,103244,2050834117203,1,46683080473,19862484.0,21000000.0,108786,67.81,,1.03765,,,,2025-05-09T20:41:03.434Z
2025-05-09 20:43:53,103256.7175145662,103257,2050900297786,1,47908992096,19862484.0,21000000.0,108786,67.81,,1.05001,,,,2025-05-09T20:44:13.497Z
2025-05-09 20:46:38,103242.58503847,103243,2050900297786,1,47880011040,19862484.0,21000000.0,108786,67.81,,1.12936,,,,2025-05-09T20:46:38.683Z
2025-05-09 20:50:14,103250.51938519592,103250,2050645388886,1,47879216061,19862484.0,21000000.0,108786,67.81,,1.13629,,,,2025-05-09T20:49:35.438Z
2025-05-09 20:52:51,103244.384211906,103248,2050822627937,1,48221898614,19862506.0,21000000.0,108786,67.81,,0.92784,,,,2025-05-09T20:52:07.443Z
2025-05-09 20:56:13,103212.16884206666,103212,2050822627937,1,47918502014,19862506.0,21000000.0,108786,67.81,,0.89255,,,,2025-05-09T20:56:13.644Z
2025-05-09 20:59:15,103210.5378787268,103211,2050051335720,1,47811903934,19862506.0,21000000.0,108786,67.81,,0.48245,,,,2025-05-09T20:58:54.555Z
2025-05-09 21:02:20,103211.89778377838,103208,2049987184751,1,47533030873,19862506.0,21000000.0,108786,67.81,,0.47934,,,,2025-05-09T21:01:33.339Z
2025-05-09 21:05:02,103206.51960693437,103207,2049987184751,1,46888717984,19862506.0,21000000.0,108786,67.81,,0.80752,,,,2025-05-09T21:05:02.671Z
2025-05-09 21:08:13,103180.78483008796,103181,2049911280266,1,46869394875,19862506.0,21000000.0,108786,67.81,,0.86049,,,,2025-05-09T21:07:52.872Z
2025-05-09 21:11:13,103164.18191006836,103164,2049678479113,1,46712349600,19862506.0,21000000.0,108786,67.81,,0.84381,,,,2025-05-09T21:11:13.604Z
2025-05-09 21:14:16,103115.11853460068,103115,2048312466899,1,46679074507,19862506.0,21000000.0,108786,67.81,,0.6384,,,,2025-05-09T21:14:16.016Z
2025-05-09 21:17:17,103081.32298555432,103099,2048312466899,1,46650119574,19862506.0,21000000.0,108786,67.81,,0.10792,,,,2025-05-09T21:17:02.183Z
2025-05-09 21:20:03,103002.29399892084,102993,2046835354590,1,46234738905,19862506.0,21000000.0,108786,67.81,,0.00541,,,,2025-05-09T21:20:24.187Z
2025-05-09 21:23:22,102927.51443249286,102942,2045420941599,1,45863384503,19862506.0,21000000.0,108786,67.81,,-0.50197,,,,2025-05-09T21:22:55.431Z
2025-05-09 21:26:19,102877.19284325423,102877,2043597600525,1,45233813766,19862506.0,21000000.0,108786,67.81,,-0.56424,,,,2025-05-09T21:26:26.695Z
2025-05-09 21:29:23,102895.30116572649,102887,2043597600525,1,44974391556,19862506.0,21000000.0,108786,67.81,,-0.47673,,,,2025-05-09T21:28:55.050Z
2025-05-09 21:32:22,102937.00190324476,102935,2043808088557,1,44913621890,19862506.0,21000000.0,108786,67.81,,-0.39238,,,,2025-05-09T21:32:13.862Z
2025-05-09 21:35:19,102950.92271303122,102951,2044775808574,1,44738188665,19862506.0,21000000.0,108786,67.81,,-0.37653,,,,2025-05-09T21:34:57.020Z
2025-05-09 21:38:33,102968.67716806124,102979,2044775808574,1,44613717992,19862506.0,21000000.0,108786,67.81,,-0.4003,,,,2025-05-09T21:37:54.554Z
2025-05-09 21:41:13,102953.99778022886,102953,2045215968063,1,44401503439,19862506.0,21000000.0,108786,67.81,,-0.21384,,,,2025-05-09T21:41:43.210Z
2025-05-09 21:44:43,102905.92311431542,102908,2044325910469,1,44203920544,19862506.0,21000000.0,108786,67.81,,-0.25836,,,,2025-05-09T21:44:34.939Z
2025-05-09 21:47:21,102887.57299772208,102888,2043593274750,1,44054957961,19862506.0,21000000.0,108786,67.81,,-0.16183,,,,2025-05-09T21:47:26.779Z
2025-05-09 21:50:36,102844.26210934811,102841,2043593274750,1,43269404407,19862506.0,21000000.0,108786,67.81,,-0.20711,,,,2025-05-09T21:50:16.760Z
2025-05-09 21:53:46,102874.98219706156,102875,2042744773212,1,43242313023,19862506.0,21000000.0,108786,67.81,,-0.06433,,,,2025-05-09T21:53:46.971Z
2025-05-09 21:56:42,102912.03345138078,102901,2043567592463,1,43236076234,19862528.0,21000000.0,108786,67.81,,-0.03945,,,,2025-05-09T21:56:17.947Z
2025-05-09 21:59:43,102961.54328297428,102958,2044921492742,1,43069652665,19862528.0,21000000.0,108786,67.81,,0.05712,,,,2025-05-09T21:59:12.905Z
2025-05-09 22:02:27,102993.82412940548,102994,2044921492742,1,42991348326,19862528.0,21000000.0,108786,67.81,,0.23193,,,,2025-05-09T22:02:27.981Z
2025-05-09 22:05:37,103013.20342856484,103004,2045850211020,1,42815519289,19862528.0,21000000.0,108786,67.81,,0.24196,,,,2025-05-09T22:05:06.007Z
2025-05-09 22:08:28,103014.1949512851,103013,2046049993659,1,42759531410,19862528.0,21000000.0,108786,67.81,,0.39709,,,,2025-05-09T22:08:42.083Z
2025-05-09 22:11:32,103013.04280105596,103013,2046099643481,1,42809391247,19862528.0,21000000.0,108786,67.81,,0.39677,,,,2025-05-09T22:11:44.296Z
2025-05-09 22:14:35,103016.38291806604,103016,2046099643481,1,42636567550,19862528.0,21000000.0,108786,67.81,,0.39691,,,,2025-05-09T22:14:44.027Z
2025-05-09 22:17:43,103014.19643682615,103027,2046296606856,1,42531532542,19862528.0,21000000.0,108786,67.81,,0.19648,,,,2025-05-09T22:17:24.028Z
2025-05-09 22:20:44,102992.5192765512,102992,2045707117130,1,42400131590,19862528.0,21000000.0,108786,67.81,,0.16294,,,,2025-05-09T22:20:54.108Z
2025-05-09 22:23:30,102999.58172458736,103000,2045707117130,1,42360409551,19862528.0,21000000.0,108786,67.81,,0.1623,,,,2025-05-09T22:23:30.230Z
2025-05-09 22:27:02,103011.6248935378,103009,2045923013445,1,42285784700,19862528.0,21000000.0,108786,67.81,,0.24852,,,,2025-05-09T22:26:24.469Z
2025-05-09 22:29:34,103029.79565038045,103034,2046428852111,1,42340733996,19862528.0,21000000.0,108786,67.81,,0.27303,,,,2025-05-09T22:30:03.374Z
2025-05-09 22:32:41,103050.16299138988,103050,2046428852111,1,42344709933,19862528.0,21000000.0,108786,67.81,,0.29868,,,,2025-05-09T22:32:23.514Z
2025-05-09 22:35:43,103033.43203801378,103034,2046837483345,1,42322160644,19862528.0,21000000.0,108786,67.81,,0.28361,,,,2025-05-09T22:35:33.488Z
2025-05-09 22:39:04,103002.72379465582,103003,2046012699730,1,42111133300,19862528.0,21000000.0,108786,67.81,,0.2253,,,,2025-05-09T22:38:42.931Z
2025-05-09 22:41:45,102990.67504885592,102997,2046012699730,1,42095790564,19862528.0,21000000.0,108786,67.81,,0.21927,,,,2025-05-09T22:41:15.389Z
2025-05-09 22:44:55,102964.1228563703,102964,2045676628216,1,41981408592,19862528.0,21000000.0,108786,67.81,,0.06093,,,,2025-05-09T22:44:55.805Z
2025-05-09 22:48:01,102959.0967396506,102959,2045088343554,1,41853289279,19862528.0,21000000.0,108786,67.81,,-0.05785,,,,2025-05-09T22:48:01.334Z
2025-05-09 22:51:11,102933.3234767717,102935,2045088343554,1,41885991486,19862528.0,21000000.0,108786,67.81,,-0.08081,,,,2025-05-09T22:50:33.728Z
2025-05-09 22:53:43,102923.27921657024,102922,2044545912660,1,41862727335,19862528.0,21000000.0,108786,67.81,,-0.0237,,,,2025-05-09T22:53:54.461Z
2025-05-09 22:57:03,102874.20023587903,102866,2044097888923,1,41870550848,19862528.0,21000000.0,108786,67.81,,-0.0783,,,,2025-05-09T22:57:16.466Z
2025-05-09 23:00:14,102828.75135073467,102830,2042630305301,1,41802009215,19862528.0,21000000.0,108786,67.81,,-0.11279,,,,2025-05-09T23:00:02.935Z
2025-05-09 23:02:44,102835.10494624056,102835,2042565151378,1,41662056267,19862528.0,21000000.0,108786,67.81,,-0.05769,,,,2025-05-09T23:02:44.090Z
2025-05-09 23:05:53,102839.13975689844,102839,2042565151378,1,41623051664,19862528.0,21000000.0,108786,67.81,,-0.11648,,,,2025-05-09T23:06:20.888Z
2025-05-09 23:08:58,102824.73686364605,102823,2042359215047,1,41456777637,19862528.0,21000000.0,108786,67.81,,-0.13213,,,,2025-05-09T23:09:16.974Z
2025-05-09 23:11:42,102833.32686332447,102833,2042359215047,1,41406249903,19862528.0,21000000.0,108786,67.81,,-0.14825,,,,2025-05-09T23:11:42.680Z
2025-05-09 23:14:44,102840.76312799111,102846,2042645423947,1,41183505732,19862528.0,21000000.0,108786,67.81,,-0.13625,,,,2025-05-09T23:15:25.318Z
2025-05-09 23:18:16,102846.03376876784,102845,2042753612144,1,41263747594,19862528.0,21000000.0,108786,67.81,,-0.22422,,,,2025-05-09T23:18:03.219Z
2025-05-09 23:21:01,102876.11267350908,102875,2042753612144,1,41258767093,19862528.0,21000000.0,108786,67.81,,-0.13817,,,,2025-05-09T23:20:41.374Z
2025-05-09 23:24:22,102889.86282785064,102886,2043450442252,1,41370096577,19862528.0,21000000.0,108786,67.81,,-0.12744,,,,2025-05-09T23:23:53.126Z
2025-05-09 23:27:19,102904.44012392002,102903,2043804351621,1,41281957418,19862528.0,21000000.0,108786,67.81,,-0.00113,,,,2025-05-09T23:27:05.561Z
2025-05-09 23:29:53,102928.30034930282,102927,2044298452972,1,41266140016,19862528.0,21000000.0,108786,67.81,,0.01981,,,,2025-05-09T23:30:25.991Z
2025-05-09 23:33:22,102956.63816878403,102946,2044298452972,1,41275861170,19862528.0,21000000.0,108786,67.81,,0.03791,,,,2025-05-09T23:33:05.560Z
2025-05-09 23:36:24,102957.02696009944,102956,2044989958614,1,41194776454,19862528.0,21000000.0,108786,67.81,,-0.008,,,,2025-05-09T23:36:33.945Z
2025-05-09 23:39:14,102935.78889343416,102936,2044852789487,1,41008433024,19862528.0,21000000.0,108786,67.81,,-0.02816,,,,2025-05-09T23:39:27.347Z
2025-05-09 23:42:22,102929.99906475292,102931,2044852789487,1,41042414603,19862528.0,21000000.0,108786,67.81,,-0.08202,,,,2025-05-09T23:41:46.021Z
2025-05-09 23:45:15,102915.64561750703,102917,2044358642931,1,41018454709,19862528.0,21000000.0,108786,67.81,,-0.09531,,,,2025-05-09T23:44:58.171Z
2025-05-09 23:48:01,102932.06148268226,102931,2044458997098,1,40944752649,19862528.0,21000000.0,108786,67.81,,-0.18311,,,,2025-05-09T23:48:32.556Z
2025-05-09 23:51:23,102942.67432895696,102940,2044458997098,1,40898377752,19862528.0,21000000.0,108786,67.81,,-0.13199,,,,2025-05-09T23:51:15.675Z
2025-05-09 23:54:22,102954.73648082676,102955,2044704015993,1,40836041162,19862550.0,21000000.0,108786,67.81,,-0.11802,,,,2025-05-09T23:54:34.792Z
2025-05-09 23:57:34,102965.64311914594,102966,2045046445524,1,40729905005,19862550.0,21000000.0,108786,67.81,,-0.18377,,,,2025-05-09T23:57:43.420Z
2025-05-10 00:00:34,102975.6991495147,102976,2045162539850,1,40691198183,19862550.0,21000000.0,108786,67.81,,-0.17435,,,,2025-05-10T00:00:34.700Z
2025-05-10 00:03:33,102987.72703306148,102983,2045162539850,1,40335374258,19862550.0,21000000.0,108786,67.81,,-0.17435,,,,2025-05-10T00:03:03.676Z
2025-05-10 00:06:24,103044.06203846,103063,2045162539850,1,40580584973,19862550.0,21000000.0,108786,67.81,,-0.0277,,,,2025-05-10T00:06:44.474Z
2025-05-10 00:09:33,103078.19663025424,103076,2045162539850,1,40593584696,19862550.0,21000000.0,108786,67.81,,-0.01501,,,,2025-05-10T00:09:13.127Z
2025-05-10 00:12:38,103086.42898767418,103089,2045162539850,1,40512337880,19862550.0,21000000.0,108786,67.81,,0.02435,,,,2025-05-10T00:12:03.202Z
2025-05-10 00:15:48,103050.73125514569,103051,2046789459840,1,40342831333,19862550.0,21000000.0,108786,67.81,,-0.01261,,,,2025-05-10T00:15:48.860Z
2025-05-10 00:18:45,103063.46918601364,103063,2046789459840,1,40314194344,19862550.0,21000000.0,108786,67.81,,-0.01351,,,,2025-05-10T00:18:38.145Z
2025-05-10 00:21:47,103045.6266076157,103055,2047103309881,1,40440749019,19862550.0,21000000.0,108786,67.81,,-0.02125,,,,2025-05-10T00:21:08.607Z
2025-05-10 00:24:24,103058.07783396724,103055,2046962020560,1,39884331450,19862550.0,21000000.0,108786,67.81,,0.04154,,,,2025-05-10T00:24:33.760Z
2025-05-10 00:27:43,103020.85617031864,103021,2046962020560,1,39802907618,19862550.0,21000000.0,108786,67.81,,0.11368,,,,2025-05-10T00:27:35.985Z
2025-05-10 00:30:25,102989.99108253376,102988,2046201346147,1,40279489743,19862550.0,21000000.0,108786,67.81,,0.08192,,,,2025-05-10T00:30:36.019Z
2025-05-10 00:33:41,102971.37641181234,102969,2045273908760,1,40396997016,19862550.0,21000000.0,108786,67.81,,0.21133,,,,2025-05-10T00:33:58.266Z
2025-05-10 00:36:56,102964.9838706814,102964,2045273908760,1,40060202689,19862550.0,21000000.0,108786,67.81,,0.24993,,,,2025-05-10T00:36:42.379Z
2025-05-10 00:39:34,102968.44886651175,102968,2045225412984,1,39764893345,19862550.0,21000000.0,108786,67.81,,0.25469,,,,2025-05-10T00:39:34.940Z
2025-05-10 00:42:27,102925.21712632816,102923,2044332335316,1,38409313179,19862550.0,21000000.0,108786,67.81,,0.25467,,,,2025-05-10T00:42:50.127Z
2025-05-10 00:46:01,102892.63284602444,102904,2044332335316,1,38320067136,19862550.0,21000000.0,108786,67.81,,0.20338,,,,2025-05-10T00:45:43.679Z
2025-05-10 00:48:34,102893.98025431196,102895,2043526606896,1,39904936480,19862550.0,21000000.0,108786,67.81,,0.19508,,,,2025-05-10T00:49:01.396Z
2025-05-10 00:52:07,102907.35972815294,102914,2044309321640,1,38568833587,19862550.0,21000000.0,108786,67.81,,0.10361,,,,2025-05-10T00:51:51.585Z
2025-05-10 00:55:03,102907.21543940796,102911,2044309321640,1,39637373606,19862550.0,21000000.0,108786,67.81,,0.10008,,,,2025-05-10T00:54:35.041Z
2025-05-10 00:57:44,102894.22688143494,102897,2043975415227,1,39711206879,19862550.0,21000000.0,108786,67.81,,0.09701,,,,2025-05-10T00:58:02.378Z
2025-05-10 01:00:33,102890.66444084664,102891,2043762533143,1,39581123638,19862550.0,21000000.0,108786,67.81,,0.09108,,,,2025-05-10T01:00:33.534Z
2025-05-10 01:03:58,102888.253148566,102886,2043574906052,1,39207716603,19862550.0,21000000.0,108786,67.81,,0.12717,,,,2025-05-10T01:03:37.387Z
2025-05-10 01:06:57,102905.89994017464,102893,2043574906052,1,37605149258,19862550.0,21000000.0,108786,67.81,,0.0794,,,,2025-05-10T01:06:41.835Z
2025-05-10 01:10:02,102916.77433858994,102917,2044174927357,1,37391992418,19862550.0,21000000.0,108786,67.81,,0.10272,,,,2025-05-10T01:09:56.251Z
2025-05-10 01:12:42,102940.67516148278,102940,2044645711017,1,37602372988,19862550.0,21000000.0,108786,67.81,,0.1488,,,,2025-05-10T01:12:34.634Z
2025-05-10 01:16:02,102947.59576128756,102948,2044645711017,1,37547329634,19862550.0,21000000.0,108786,67.81,,0.15637,,,,2025-05-10T01:16:02.015Z
2025-05-10 01:19:19,103004.12667535216,102997,2045127585696,1,38882298882,19862550.0,21000000.0,108786,67.81,,0.19162,,,,2025-05-10T01:18:54.051Z
2025-05-10 01:22:16,103002.37559229769,103003,2045893863233,1,38904725858,19862550.0,21000000.0,108786,67.81,,0.33352,,,,2025-05-10T01:22:02.386Z
2025-05-10 01:25:01,103037.56282488671,103038,2045893863233,1,39153242933,19862550.0,21000000.0,108786,67.81,,0.3676,,,,2025-05-10T01:25:01.167Z
2025-05-10 01:28:23,103044.03391090086,103043,2046650826500,1,39227375324,19862550.0,21000000.0,108786,67.81,,0.31499,,,,2025-05-10T01:28:14.066Z
2025-05-10 01:30:45,103052.51757653328,103052,2046650826500,1,39020079056,19862550.0,21000000.0,108786,67.81,,0.32383,,,,2025-05-10T01:30:53.628Z
2025-05-10 01:34:19,103042.67552289796,103042,2046769071005,1,38835411475,19862550.0,21000000.0,108786,67.81,,0.31949,,,,2025-05-10T01:34:25.975Z
2025-05-10 01:37:26,103064.57978047276,103064,2046874644818,1,38923084220,19862550.0,21000000.0,108786,67.81,,0.38293,,,,2025-05-10T01:37:02.453Z
2025-05-10 01:40:19,103048.2633519303,103048,2046731188474,1,38854356156,19862550.0,21000000.0,108786,67.81,,0.36713,,,,2025-05-10T01:40:19.799Z
2025-05-10 01:43:04,103041.52382804964,103041,2046731188474,1,38877262431,19862550.0,21000000.0,108786,67.81,,0.25225,,,,2025-05-10T01:42:48.649Z
2025-05-10 01:46:22,103032.72530507125,103032,2046711533484,1,39031356488,19862550.0,21000000.0,108786,67.81,,0.17516,,,,2025-05-10T01:45:48.700Z
2025-05-10 01:49:29,103011.167026088,103012,2046460197596,1,38971898052,19862550.0,21000000.0,108786,67.81,,0.15566,,,,2025-05-10T01:49:17.642Z
2025-05-10 01:52:31,102970.676865895,102973,2045445497770,1,39009062054,19862606.0,21000000.0,108786,67.81,,0.08281,,,,2025-05-10T01:52:01.720Z
2025-05-10 01:55:36,102968.7916842661,102969,2045445497770,1,38970304248,19862606.0,21000000.0,108786,67.81,,0.07876,,,,2025-05-10T01:55:36.632Z
2025-05-10 01:58:15,102982.00905918724,102983,2045227943366,1,38921156028,19862606.0,21000000.0,108786,67.81,,-0.01561,,,,2025-05-10T01:58:06.850Z
2025-05-10 02:01:19,102984.0400353526,102982,2045639479146,1,38863098601,19862606.0,21000000.0,108786,67.81,,-0.01694,,,,2025-05-10T02:01:42.775Z
2025-05-10 02:04:33,102987.76157399653,102988,2045581727566,1,38695978886,19862606.0,21000000.0,108786,67.81,,0.00567,,,,2025-05-10T02:04:33.058Z
2025-05-10 02:07:35,102991.53087037583,102991,2045581727566,1,38568633116,19862606.0,21000000.0,108786,67.81,,0.0123,,,,2025-05-10T02:06:55.194Z
2025-05-10 02:10:12,103000.87142800716,103004,2045775702273,1,38488763087,19862606.0,21000000.0,108786,67.81,,0.02508,,,,2025-05-10T02:10:24.660Z
2025-05-10 02:13:23,103015.967377849,103017,2046089877050,1,38579225360,19862606.0,21000000.0,108786,67.81,,0.08602,,,,2025-05-10T02:13:42.066Z
2025-05-10 02:16:34,103031.88501521196,103032,2046481737494,1,38726386589,19862606.0,21000000.0,108786,67.81,,0.11571,,,,2025-05-10T02:16:34.113Z
2025-05-10 02:19:32,103013.72210490532,103026,2046481737494,1,38718016435,19862606.0,21000000.0,108786,67.81,,0.10991,,,,2025-05-10T02:19:02.049Z
2025-05-10 02:22:24,103009.92514288684,103017,2045846651668,1,38632961186,19862606.0,21000000.0,108786,67.81,,0.20704,,,,2025-05-10T02:22:42.195Z
2025-05-10 02:25:22,103015.74336812746,103015,2046178804202,1,38606424989,19862606.0,21000000.0,108786,67.81,,0.20452,,,,2025-05-10T02:25:15.947Z
2025-05-10 02:28:34,103010.2162032396,103010,2046062232664,1,38425603929,19862606.0,21000000.0,108786,67.81,,0.23471,,,,2025-05-10T02:28:53.136Z
2025-05-10 02:31:28,103019.60993109008,103020,2046062232664,1,38383273502,19862606.0,21000000.0,108786,67.81,,0.33136,,,,2025-05-10T02:31:52.778Z
2025-05-10 02:34:44,103026.40205694092,103026,2046313353183,1,38208678360,19862606.0,21000000.0,108786,67.81,,0.3376,,,,2025-05-10T02:34:44.807Z
2025-05-10 02:37:37,103092.1033644247,103104,2047105591832,1,38208267973,19862606.0,21000000.0,108786,67.81,,0.38903,,,,2025-05-10T02:38:01.297Z
2025-05-10 02:40:35,103134.50429691657,103142,2047105591832,1,38407617821,19862606.0,21000000.0,108786,67.81,,0.42626,,,,2025-05-10T02:40:51.314Z
2025-05-10 02:43:54,103175.78197008744,103176,2048666916710,1,38244126816,19862606.0,21000000.0,108786,67.81,,0.49904,,,,2025-05-10T02:43:54.306Z
2025-05-10 02:47:02,103189.95961266464,103183,2049323815594,1,38291338013,19862606.0,21000000.0,108786,67.81,,0.52052,,,,2025-05-10T02:46:29.829Z
2025-05-10 02:50:02,103214.44831871512,103214,2050097413340,1,38234726035,19862606.0,21000000.0,108786,67.81,,0.5516,,,,2025-05-10T02:50:02.182Z
2025-05-10 02:52:40,103181.69168424452,103180,2050097413340,1,38059984531,19862606.0,21000000.0,108786,67.81,,0.56229,,,,2025-05-10T02:53:03.704Z
2025-05-10 02:56:01,103156.83914822344,103157,2049353593811,1,38125722637,19862606.0,21000000.0,108786,67.81,,0.54063,,,,2025-05-10T02:55:52.656Z
2025-05-10 02:59:01,103149.21905524586,103149,2048881017466,1,37993920069,19862606.0,21000000.0,108786,67.81,,0.60703,,,,2025-05-10T02:59:01.462Z
2025-05-10 03:01:35,103150.8746387643,103151,2048845181505,1,37917404026,19862606.0,21000000.0,108786,67.81,,0.60865,,,,2025-05-10T03:01:35.635Z
2025-05-10 03:05:03,103147.60478425688,103148,2048845181505,1,37886699991,19862606.0,21000000.0,108786,67.81,,0.60549,,,,2025-05-10T03:04:55.995Z
2025-05-10 03:07:42,103131.28703932476,103131,2048725714035,1,37837738531,19862606.0,21000000.0,108786,67.81,,0.46783,,,,2025-05-10T03:07:25.924Z
2025-05-10 03:10:46,103114.4973765714,103114,2048144158113,1,37892463485,19862606.0,21000000.0,108786,67.81,,0.45175,,,,2025-05-10T03:10:46.706Z
2025-05-10 03:14:02,103114.0705609738,103114,2048087749149,1,37815568629,19862606.0,21000000.0,108786,67.81,,0.38009,,,,2025-05-10T03:14:13.754Z
2025-05-10 03:17:01,103100.81518509536,103103,2048087749149,1,37611876975,19862606.0,21000000.0,108786,67.81,,0.37017,,,,2025-05-10T03:16:39.232Z
2025-05-10 03:20:01,103069.93265434234,103070,2047853944144,1,37573065772,19862606.0,21000000.0,108786,67.81,,0.38214,,,,2025-05-10T03:20:01.137Z
2025-05-10 03:23:14,103035.548394344,103043,2046974492645,1,37528914063,19862606.0,21000000.0,108786,67.81,,0.32808,,,,2025-05-10T03:22:33.114Z
2025-05-10 03:26:12,103033.25738898832,103033,2046509766708,1,37476574794,19862606.0,21000000.0,108786,67.81,,0.35355,,,,2025-05-10T03:25:53.415Z
2025-05-10 03:29:24,103023.83477260356,103022,2046509766708,1,37522149044,19862606.0,21000000.0,108786,67.81,,0.3429,,,,2025-05-10T03:28:33.369Z
2025-05-10 03:32:05,103033.93165225448,103034,2046322691530,1,37512501601,19862606.0,21000000.0,108786,67.81,,0.44334,,,,2025-05-10T03:32:05.507Z
2025-05-10 03:35:24,103061.29216475989,103061,2046935124229,1,37570975554,19862606.0,21000000.0,108786,67.81,,0.46954,,,,2025-05-10T03:35:15.256Z
2025-05-10 03:38:15,103082.89007259737,103079,2046935124229,1,37544930920,19862606.0,21000000.0,108786,67.81,,0.51938,,,,2025-05-10T03:38:02.623Z
2025-05-10 03:41:27,103090.11875982904,103091,2047562368322,1,37361499622,19862606.0,21000000.0,108786,67.81,,0.62676,,,,2025-05-10T03:40:57.408Z
2025-05-10 03:43:54,103103.79422944038,103103,2047652346950,1,37337391612,19862606.0,21000000.0,108786,67.81,,0.63816,,,,2025-05-10T03:44:01.863Z
2025-05-10 03:47:11,103149.5151583744,103147,2048607900289,1,37347395533,19862606.0,21000000.0,108786,67.81,,0.69144,,,,2025-05-10T03:47:01.569Z
2025-05-10 03:50:02,103167.64661527883,103168,2048607900289,1,37277211350,19862606.0,21000000.0,108786,67.81,,0.71197,,,,2025-05-10T03:50:02.758Z
2025-05-10 03:53:01,103173.63170191608,103174,2049205840359,1,37288378621,19862606.0,21000000.0,108786,67.81,,0.7368,,,,2025-05-10T03:53:15.212Z
2025-05-10 03:56:14,103167.42645010592,103167,2049192744485,1,37270788966,19862606.0,21000000.0,108786,67.81,,0.71857,,,,2025-05-10T03:56:14.346Z
2025-05-10 03:59:23,103180.81410183525,103182,2049336192191,1,37096943796,19862606.0,21000000.0,108786,67.81,,0.73297,,,,2025-05-10T03:59:31.365Z
2025-05-10 04:01:57,103200.87467282767,103201,2049336192191,1,37049798415,19862606.0,21000000.0,108786,67.81,,0.77943,,,,2025-05-10T04:01:57.878Z
2025-05-10 04:05:40,103189.98796717076,103190,2049820568344,1,36977960617,19862606.0,21000000.0,108786,67.81,,0.7688,,,,2025-05-10T04:05:13.138Z
2025-05-10 04:08:37,103178.1462738488,103182,2049820568344,1,36770656842,19862606.0,21000000.0,108786,67.81,,0.68284,,,,2025-05-10T04:08:29.806Z
2025-05-10 04:11:15,103143.2087298368,103144,2049358943153,1,36889320526,19862606.0,21000000.0,108786,67.81,,0.53642,,,,2025-05-10T04:11:01.857Z
2025-05-10 04:14:33,103114.09809125724,103114,2048061818727,1,36919515469,19862606.0,21000000.0,108786,67.81,,0.50746,,,,2025-05-10T04:14:42.801Z
2025-05-10 04:17:45,103100.38813209142,103100,2048061818727,1,36893791135,19862606.0,21000000.0,108786,67.81,,0.50488,,,,2025-05-10T04:17:34.497Z
2025-05-10 04:20:25,103144.80120829644,103147,2047842387915,1,36895838772,19862606.0,21000000.0,108786,67.81,,0.5514,,,,2025-05-10T04:20:35.762Z
2025-05-10 04:23:35,103157.33123638724,103158,2048828619105,1,36864668998,19862606.0,21000000.0,108786,67.81,,0.54281,,,,2025-05-10T04:23:50.927Z
2025-05-10 04:26:11,103181.8508536894,103182,2048828619105,1,36358822178,19862606.0,21000000.0,108786,67.81,,0.59829,,,,2025-05-10T04:26:26.445Z
2025-05-10 04:29:19,103184.80818688685,103184,2049491373519,1,36348494923,19862606.0,21000000.0,108786,67.81,,0.59931,,,,2025-05-10T04:29:50.765Z
2025-05-10 04:32:34,103156.50608940102,103156,2049146949668,1,36328900749,19862606.0,21000000.0,108786,67.81,,0.61051,,,,2025-05-10T04:32:43.590Z
2025-05-10 04:35:48,103161.2615662185,103160,2049146949668,1,36475625957,19862606.0,21000000.0,108786,67.81,,0.61451,,,,2025-05-10T04:35:31.762Z
2025-05-10 04:38:45,103164.82346505478,103165,2049036027379,1,35203146594,19862606.0,21000000.0,108786,67.81,,0.62953,,,,2025-05-10T04:38:55.289Z
2025-05-10 04:41:44,103164.33580795718,103163,2048874968513,1,35330483962,19862606.0,21000000.0,108786,67.81,,0.6118,,,,2025-05-10T04:41:53.195Z
2025-05-10 04:44:47,103157.44807372638,103159,2048874968513,1,35341679741,19862606.0,21000000.0,108786,67.81,,0.6072,,,,2025-05-10T04:44:23.147Z
2025-05-10 04:47:57,103147.76609457524,103148,2049000390177,1,35272727209,19862606.0,21000000.0,108786,67.81,,0.47947,,,,2025-05-10T04:47:57.306Z
2025-05-10 04:50:43,103157.3165915209,103157,2048915340241,1,36497737804,19862606.0,21000000.0,108786,67.81,,0.48877,,,,2025-05-10T04:50:43.550Z
2025-05-10 04:53:54,103171.0100946473,103168,2049094202119,1,36419402240,19862675.0,21000000.0,108786,67.81,,0.43575,,,,2025-05-10T04:53:18.249Z
2025-05-10 04:56:43,103168.13249055832,103168,2049195086017,1,36381379601,19862675.0,21000000.0,108786,67.81,,0.42095,,,,2025-05-10T04:57:01.231Z
2025-05-10 04:59:44,103169.46310450062,103169,2049195086017,1,36399073003,19862675.0,21000000.0,108786,67.81,,0.42258,,,,2025-05-10T04:59:35.815Z
2025-05-10 05:02:35,103174.4081660559,103174,2049307982128,1,36316988246,19862675.0,21000000.0,108786,67.81,,0.4184,,,,2025-05-10T05:02:35.380Z
2025-05-10 05:05:39,103175.63967376802,103177,2049307982128,1,36402845507,19862675.0,21000000.0,108786,67.81,,0.42079,,,,2025-05-10T05:05:31.885Z
2025-05-10 05:08:44,103181.3310416646,103182,2049344157165,1,36391222736,19862675.0,21000000.0,108786,67.81,,0.38647,,,,2025-05-10T05:09:00.763Z
2025-05-10 05:11:42,103175.449471732,103178,2049423855139,1,36327011340,19862675.0,21000000.0,108786,67.81,,0.41883,,,,2025-05-10T05:11:26.335Z
2025-05-10 05:15:05,103166.67221099336,103167,2049206722502,1,36140215695,19862675.0,21000000.0,108786,67.81,,0.40872,,,,2025-05-10T05:14:55.187Z
2025-05-10 05:18:02,103167.12080477177,103167,2049206722502,1,36157127722,19862675.0,21000000.0,108786,67.81,,0.43472,,,,2025-05-10T05:17:55.270Z
2025-05-10 05:20:36,103183.08778250928,103183,2049192557742,1,36390312859,19862675.0,21000000.0,108786,67.81,,0.45073,,,,2025-05-10T05:20:36.625Z
2025-05-10 05:23:59,103184.04688473654,103182,2049398395284,1,36460470220,19862675.0,21000000.0,108786,67.81,,0.5015,,,,2025-05-10T05:24:09.574Z
2025-05-10 05:26:56,103170.792496023,103171,2049344427584,1,36398788871,19862675.0,21000000.0,108786,67.81,,0.47645,,,,2025-05-10T05:26:56.396Z
2025-05-10 05:30:16,103183.94923287562,103185,2049344427584,1,36301267363,19862675.0,21000000.0,108786,67.81,,0.48986,,,,2025-05-10T05:29:58.106Z
2025-05-10 05:32:48,103186.38154399322,103187,2049499716596,1,36288369937,19862675.0,21000000.0,108786,67.81,,0.39102,,,,2025-05-10T05:32:39.175Z
2025-05-10 05:36:06,103179.57923119844,103180,2049337679733,1,36139604160,19862675.0,21000000.0,108786,67.81,,0.38426,,,,2025-05-10T05:36:00.239Z
2025-05-10 05:38:54,103187.2672178353,103188,2049337679733,1,36017475711,19862675.0,21000000.0,108786,67.81,,0.32721,,,,2025-05-10T05:39:02.247Z
2025-05-10 05:41:44,103209.00610946713,103212,2049734825335,1,35943683003,19862675.0,21000000.0,108786,67.81,,0.32402,,,,2025-05-10T05:42:03.759Z
2025-05-10 05:45:02,103223.28438425144,103222,2050175957103,1,36025616314,19862675.0,21000000.0,108786,67.81,,0.33401,,,,2025-05-10T05:44:43.291Z
2025-05-10 05:48:01,103222.3963748932,103221,2050271946385,1,35699408450,19862675.0,21000000.0,108786,67.81,,0.2991,,,,2025-05-10T05:48:23.504Z
2025-05-10 05:51:24,103219.52982449268,103219,2050271946385,1,35664265841,19862675.0,21000000.0,108786,67.81,,0.29763,,,,2025-05-10T05:50:55.146Z
2025-05-10 05:54:26,103208.4680998618,103203,2050179649318,1,35834614897,19862693.0,21000000.0,108786,67.81,,0.27995,,,,2025-05-10T05:53:47.709Z
2025-05-10 05:57:04,103244.2626059732,103250,2050619403367,1,35939620978,19862693.0,21000000.0,108786,67.81,,0.30475,,,,2025-05-10T05:57:15.471Z
2025-05-10 06:00:27,103323.707007908,103324,2050619403367,1,36041416842,19862693.0,21000000.0,108786,67.81,,0.37596,,,,2025-05-10T06:00:27.250Z
2025-05-10 06:03:01,103398.4048990614,103398,2052518623072,1,36223681417,19862693.0,21000000.0,108786,67.81,,0.40551,,,,2025-05-10T06:03:01.685Z
2025-05-10 06:06:32,103432.26633319427,103432,2052518623072,1,36174874357,19862693.0,21000000.0,108786,67.81,,0.45681,,,,2025-05-10T06:06:32.572Z
2025-05-10 06:09:30,103437.90284207056,103438,2052518623072,1,36175177613,19862693.0,21000000.0,108786,67.81,,0.4625,,,,2025-05-10T06:09:04.500Z
2025-05-10 06:12:02,103449.49692465592,103452,2052518623072,1,36193985549,19862693.0,21000000.0,108786,67.81,,0.50123,,,,2025-05-10T06:12:22.407Z
2025-05-10 06:15:24,103440.9330262004,103454,2054782066016,1,36003056141,19862693.0,21000000.0,108786,67.81,,0.503,,,,2025-05-10T06:14:54.549Z
2025-05-10 06:18:32,103475.4822017478,103472,2054757252161,1,36145224471,19862693.0,21000000.0,108786,67.81,,0.49442,,,,2025-05-10T06:18:22.276Z
2025-05-10 06:21:44,103498.35200657364,103490,2055580271462,1,36169216719,19862693.0,21000000.0,108786,67.81,,0.5113,,,,2025-05-10T06:21:02.983Z
2025-05-10 06:24:37,103508.60052326902,103509,2055956982402,1,36006797813,19862693.0,21000000.0,108786,67.81,,0.48124,,,,2025-05-10T06:24:37.294Z
2025-05-10 06:27:41,103532.92319109452,103529,2055956982402,1,35840128699,19862693.0,21000000.0,108786,67.81,,0.44271,,,,2025-05-10T06:27:23.268Z
2025-05-10 06:30:42,103602.874922799,103603,2056702126757,1,35980114936,19862693.0,21000000.0,108786,67.81,,0.51477,,,,2025-05-10T06:30:50.094Z
2025-05-10 06:33:22,103656.00112413956,103656,2058782071785,1,36179625382,19862693.0,21000000.0,108786,67.81,,0.58019,,,,2025-05-10T06:33:35.545Z
2025-05-10 06:36:22,103689.71619796754,103683,2058782071785,1,36061481655,19862693.0,21000000.0,108786,67.81,,0.60673,,,,2025-05-10T06:36:15.078Z
2025-05-10 06:39:22,103710.01581241348,103701,2059613888494,1,35889955010,19862693.0,21000000.0,108786,67.81,,0.65718,,,,2025-05-10T06:39:45.050Z
2025-05-10 06:42:50,103690.68897706448,103688,2059655032263,1,35946974180,19862693.0,21000000.0,108786,67.81,,0.64494,,,,2025-05-10T06:42:22.850Z
2025-05-10 06:45:49,103667.28138304056,103667,2059108490825,1,36104700862,19862693.0,21000000.0,108786,67.81,,0.62441,,,,2025-05-10T06:45:43.152Z
2025-05-10 06:48:55,103630.11028615288,103638,2059108490825,1,36009392574,19862693.0,21000000.0,108786,67.81,,0.52896,,,,2025-05-10T06:48:24.820Z
2025-05-10 06:51:41,103609.49810742686,103610,2058106557340,1,36018314643,19862693.0,21000000.0,108786,67.81,,0.42599,,,,2025-05-10T06:51:32.919Z
2025-05-10 06:54:33,103610.7837077916,103611,2057993524441,1,35694375746,19862693.0,21000000.0,108786,67.81,,0.42711,,,,2025-05-10T06:54:33.001Z
2025-05-10 06:57:44,103640.30450280668,103644,2058573492896,1,35944499418,19862693.0,21000000.0,108786,67.81,,0.45768,,,,2025-05-10T06:58:01.961Z
2025-05-10 07:01:02,103741.5593580812,103743,2058573492896,1,35912495665,19862693.0,21000000.0,108786,67.81,,0.5007,,,,2025-05-10T07:00:54.593Z
2025-05-10 07:03:54,103841.88774978636,103842,2060988940282,1,35969749884,19862693.0,21000000.0,108786,67.81,,0.5969,,,,2025-05-10T07:03:26.902Z
2025-05-10 07:06:41,103889.58282630226,103890,2062646399270,1,35832313965,19862693.0,21000000.0,108786,67.81,,0.64274,,,,2025-05-10T07:06:41.712Z
2025-05-10 07:10:05,103896.39457215447,103901,2063904346636,1,35784287559,19862693.0,21000000.0,108786,67.81,,0.56047,,,,2025-05-10T07:09:44.973Z
2025-05-10 07:13:07,103878.12692457536,103879,2063904346636,1,35777534357,19862693.0,21000000.0,108786,67.81,,0.47417,,,,2025-05-10T07:12:58.429Z
2025-05-10 07:16:04,103835.71223925528,103838,2062634228654,1,35699821391,19862693.0,21000000.0,108786,67.81,,0.43542,,,,2025-05-10T07:15:22.670Z
2025-05-10 07:18:55,103810.19828984216,103812,2061940777700,1,35637183571,19862693.0,21000000.0,108786,67.81,,0.33816,,,,2025-05-10T07:19:04.122Z
2025-05-10 07:21:56,103840.11319819486,103839,2061940777700,1,35538425429,19862693.0,21000000.0,108786,67.81,,0.22163,,,,2025-05-10T07:21:32.393Z
2025-05-10 07:24:57,103790.10812712832,103806,2062346051873,1,35468999454,19862693.0,21000000.0,108786,67.81,,0.18953,,,,2025-05-10T07:24:26.999Z
2025-05-10 07:28:12,103760.41627555236,103761,2060972620355,1,35433954783,19862693.0,21000000.0,108786,67.81,,0.06106,,,,2025-05-10T07:28:01.374Z
2025-05-10 07:31:01,103736.02348067102,103736,2060972620355,1,35116722201,19862693.0,21000000.0,108786,67.81,,0.03703,,,,2025-05-10T07:31:01.798Z
2025-05-10 07:34:05,103750.72316419432,103749,2060548670194,1,34894627740,19862693.0,21000000.0,108786,67.81,,0.09161,,,,2025-05-10T07:33:28.725Z
2025-05-10 07:36:52,103766.28567708009,103766,2060972613768,1,34840246578,19862693.0,21000000.0,108786,67.81,,0.10718,,,,2025-05-10T07:36:44.265Z
2025-05-10 07:39:46,103779.81114591195,103779,2061313504906,1,34852996737,19862693.0,21000000.0,108786,67.81,,0.03396,,,,2025-05-10T07:40:19.249Z
2025-05-10 07:43:16,103756.30328162252,103757,2061313504906,1,34650682970,19862693.0,21000000.0,108786,67.81,,-0.10755,,,,2025-05-10T07:43:04.659Z
2025-05-10 07:46:15,103714.11542757844,103724,2060871357689,1,34513286513,19862693.0,21000000.0,108786,67.81,,-0.13857,,,,2025-05-10T07:45:57.630Z
2025-05-10 07:48:51,103680.4243820174,103681,2059407239029,1,34100506340,19862693.0,21000000.0,108786,67.81,,-0.20119,,,,2025-05-10T07:48:45.378Z
2025-05-10 07:51:55,103674.00870218068,103674,2059407239029,1,33771005929,19862693.0,21000000.0,108786,67.81,,-0.2084,,,,2025-05-10T07:52:12.857Z
2025-05-10 07:55:18,103694.3536669264,103694,2059231367902,1,33453439019,19862725.0,21000000.0,108786,67.81,,-0.08969,,,,2025-05-10T07:55:18.539Z
2025-05-10 07:58:23,103766.20918531196,103753,2060211949963,1,33301785116,19862725.0,21000000.0,108786,67.81,,-0.03301,,,,2025-05-10T07:57:44.000Z
2025-05-10 08:01:23,103777.63614099892,103778,2061095797652,1,32553393412,19862725.0,21000000.0,108786,67.81,,0.03673,,,,2025-05-10T08:01:23.826Z
2025-05-10 08:04:23,103788.09392036076,103801,2061095797652,1,32536612443,19862725.0,21000000.0,108786,67.81,,0.05949,,,,2025-05-10T08:03:55.202Z
2025-05-10 08:06:57,103828.91963280684,103835,2061095797652,1,32252536799,19862725.0,21000000.0,108786,67.81,,0.16525,,,,2025-05-10T08:07:28.823Z
2025-05-10 08:10:03,103893.25580732702,103893,2063182028778,1,32593729675,19862725.0,21000000.0,108786,67.81,,0.22163,,,,2025-05-10T08:09:44.019Z
2025-05-10 08:13:29,103879.09473403924,103874,2063173917556,1,32702739094,19862725.0,21000000.0,108786,67.81,,0.30145,,,,2025-05-10T08:13:03.295Z
2025-05-10 08:16:22,103832.29711340056,103832,2063173917556,1,32743879127,19862725.0,21000000.0,108786,67.81,,0.17474,,,,2025-05-10T08:16:22.974Z
2025-05-10 08:19:02,103813.19450179608,103813,2062392363682,1,32457847449,19862725.0,21000000.0,108786,67.81,,0.15631,,,,2025-05-10T08:19:02.913Z
2025-05-10 08:22:21,103806.81104589814,103805,2061984657692,1,32291487744,19862725.0,21000000.0,108786,67.81,,0.1486,,,,2025-05-10T08:22:33.949Z
2025-05-10 08:25:22,103843.42292033717,103842,2062551229917,1,32460785426,19862725.0,21000000.0,108786,67.81,,0.09642,,,,2025-05-10T08:25:02.147Z
2025-05-10 08:28:24,103908.76949860096,103911,2062551229917,1,32497572086,19862725.0,21000000.0,108786,67.81,,0.19962,,,,2025-05-10T08:28:34.338Z
2025-05-10 08:31:33,103947.67568124748,103942,2063963480560,1,32261898775,19862725.0,21000000.0,108786,67.81,,0.22902,,,,2025-05-10T08:31:02.583Z
2025-05-10 08:34:34,103929.46868389848,103933,2064653195075,1,32130489373,19862725.0,21000000.0,108786,67.81,,0.17489,,,,2025-05-10T08:33:53.320Z
2025-05-10 08:37:25,103937.84537431395,103942,2064574138686,1,32053114880,19862725.0,21000000.0,108786,67.81,,0.42422,,,,2025-05-10T08:36:54.160Z
2025-05-10 08:40:14,103940.68032941692,103941,2064558758474,1,31896942589,19862725.0,21000000.0,108786,67.81,,0.42347,,,,2025-05-10T08:40:25.824Z
2025-05-10 08:43:28,103919.0314094108,103919,2064558758474,1,31587255151,19862725.0,21000000.0,108786,67.81,,0.75877,,,,2025-05-10T08:43:06.622Z
2025-05-10 08:46:33,103905.25456441275,103905,2063892137863,1,31170467996,19862725.0,21000000.0,108786,67.81,,0.74523,,,,2025-05-10T08:46:12.693Z
2025-05-10 08:49:42,103886.53087213746,103887,2063469593917,1,30925886777,19862725.0,21000000.0,108786,67.81,,0.82593,,,,2025-05-10T08:49:42.690Z
2025-05-10 08:52:45,103791.81285106912,103794,2063469593917,1,29948369983,19862725.0,21000000.0,108786,67.81,,0.80395,,,,2025-05-10T08:52:31.017Z
2025-05-10 08:55:46,103747.31032038487,103754,2061188250532,1,31086867924,19862743.0,21000000.0,108786,67.81,,0.76514,,,,2025-05-10T08:55:33.535Z
2025-05-10 08:58:25,103704.8846156504,103692,2060284367589,1,30579102078,19862743.0,21000000.0,108786,67.81,,0.729,,,,2025-05-10T08:58:49.766Z
2025-05-10 09:01:05,103655.61314164755,103656,2060284367589,1,29278346304,19862743.0,21000000.0,108786,67.81,,0.69361,,,,2025-05-10T09:01:05.849Z
2025-05-10 09:04:22,103616.81743717464,103581,2058884712366,1,29594995535,19862743.0,21000000.0,108786,67.81,,0.51219,,,,2025-05-10T09:04:44.703Z
2025-05-10 09:07:30,103540.09976510653,103541,2056709123533,1,29587053594,19862743.0,21000000.0,108786,67.81,,0.51382,,,,2025-05-10T09:07:23.413Z
2025-05-10 09:10:57,103487.74334533686,103490,2056709123533,1,29257246773,19862743.0,21000000.0,108786,67.81,,0.464,,,,2025-05-10T09:10:45.623Z
2025-05-10 09:13:45,103477.3116769236,103477,2055550449718,1,29121739670,19862743.0,21000000.0,108786,67.81,,0.62829,,,,2025-05-10T09:13:22.721Z
2025-05-10 09:16:36,103484.10113694095,103485,2055220431272,1,28905027473,19862743.0,21000000.0,108786,67.81,,0.64433,,,,2025-05-10T09:16:45.464Z
2025-05-10 09:20:03,103465.33630711577,103465,2055106613185,1,29818733431,19862743.0,21000000.0,108786,67.81,,0.62522,,,,2025-05-10T09:19:44.790Z
2025-05-10 09:23:05,103495.54534263875,103492,2055106613185,1,29733499438,19862743.0,21000000.0,108786,67.81,,0.64475,,,,2025-05-10T09:22:41.192Z
2025-05-10 09:25:35,103549.0703523992,103551,2055891938914,1,30049307039,19862743.0,21000000.0,108786,67.81,,0.70188,,,,2025-05-10T09:25:55.288Z
2025-05-10 09:28:57,103588.5868190062,103585,2057223736475,1,30026068740,19862743.0,21000000.0,108786,67.81,,0.86528,,,,2025-05-10T09:28:43.878Z
2025-05-10 09:31:58,103583.5058795366,103597,2057223736475,1,29789949582,19862743.0,21000000.0,108786,67.81,,0.86761,,,,2025-05-10T09:31:14.612Z
2025-05-10 09:34:49,103575.85521376051,103575,2057445213123,1,29596007584,19862743.0,21000000.0,108786,67.81,,0.84621,,,,2025-05-10T09:34:41.010Z
2025-05-10 09:37:47,103616.66381246247,103614,2057988717287,1,29417758792,19862743.0,21000000.0,108786,67.81,,0.82731,,,,2025-05-10T09:37:32.305Z
2025-05-10 09:40:57,103684.56220302038,103683,2057988717287,1,29507766624,19862743.0,21000000.0,108786,67.81,,0.89484,,,,2025-05-10T09:40:44.355Z
2025-05-10 09:43:56,103718.16049661084,103718,2059615520363,1,29294596373,19862743.0,21000000.0,108786,67.81,,0.90773,,,,2025-05-10T09:43:56.751Z
2025-05-10 09:46:52,103741.24454754224,103740,2060247357492,1,29466882177,19862743.0,21000000.0,108786,67.81,,0.95823,,,,2025-05-10T09:46:42.573Z
2025-05-10 09:50:05,103745.9795934985,103746,2060727378420,1,29321155832,19862743.0,21000000.0,108786,67.81,,0.96418,,,,2025-05-10T09:50:05.926Z
2025-05-10 09:53:16,103777.81673428396,103776,2060727378420,1,29263488790,19862743.0,21000000.0,108786,67.81,,1.02885,,,,2025-05-10T09:52:39.499Z
2025-05-10 09:56:03,103784.6013971676,103785,2061279302997,1,29199111196,19862765.0,21000000.0,108786,67.81,,0.91149,,,,2025-05-10T09:56:17.167Z
2025-05-10 09:59:00,103793.09260724104,103793,2061526937899,1,29087651279,19862765.0,21000000.0,108786,67.81,,0.9198,,,,2025-05-10T09:58:56.199Z
2025-05-10 10:01:51,103768.7946826062,103769,2061316127212,1,29039718958,19862765.0,21000000.0,108786,67.81,,0.85643,,,,2025-05-10T10:02:00.940Z
2025-05-10 10:04:46,103768.38018973712,103770,2061316127212,1,28813207631,19862765.0,21000000.0,108786,67.81,,0.85779,,,,2025-05-10T10:04:32.108Z
2025-05-10 10:07:53,103793.55574613916,103796,2061284143567,1,28676514633,19862765.0,21000000.0,108786,67.81,,0.84148,,,,2025-05-10T10:08:15.844Z
2025-05-10 10:10:53,103805.98419170675,103806,2061876970294,1,28758689383,19862765.0,21000000.0,108786,67.81,,0.80483,,,,2025-05-10T10:11:02.429Z
2025-05-10 10:14:03,103825.49054073276,103828,2062352683886,1,28670802336,19862765.0,21000000.0,108786,67.81,,0.82637,,,,2025-05-10T10:13:40.965Z
2025-05-10 10:17:04,103823.9556639159,103825,2062352683886,1,28662075127,19862765.0,21000000.0,108786,67.81,,0.81571,,,,2025-05-10T10:17:24.020Z
2025-05-10 10:20:13,103810.35381179042,103810,2062300078648,1,28327266501,19862765.0,21000000.0,108786,67.81,,0.80117,,,,2025-05-10T10:19:45.665Z
2025-05-10 10:23:12,103829.78413180944,103830,2062346493734,1,28318152658,19862765.0,21000000.0,108786,67.81,,0.80717,,,,2025-05-10T10:23:22.097Z
2025-05-10 10:26:12,103827.33098846198,103826,2062346493734,1,28405112857,19862765.0,21000000.0,108786,67.81,,0.79857,,,,2025-05-10T10:26:03.850Z
2025-05-10 10:29:29,103813.32566427453,103813,2062229632301,1,28529097172,19862765.0,21000000.0,108786,67.81,,0.78586,,,,2025-05-10T10:29:29.251Z
2025-05-10 10:32:13,103794.87126747872,103796,2062229632301,1,28425276696,19862765.0,21000000.0,108786,67.81,,0.74883,,,,2025-05-10T10:32:01.848Z
2025-05-10 10:35:03,103804.2363332104,103804,2061615068005,1,28517989295,19862765.0,21000000.0,108786,67.81,,0.75681,,,,2025-05-10T10:34:56.028Z
2025-05-10 10:38:24,103787.56005587132,103787,2061464043233,1,28440639949,19862765.0,21000000.0,108786,67.81,,0.66747,,,,2025-05-10T10:38:01.272Z
2025-05-10 10:41:36,103754.29466956928,103753,2061464043233,1,28444771978,19862765.0,21000000.0,108786,67.81,,0.63498,,,,2025-05-10T10:40:53.452Z
2025-05-10 10:44:32,103759.36135827948,103761,2060847172762,1,28358382883,19862765.0,21000000.0,108786,67.81,,0.56515,,,,2025-05-10T10:44:13.606Z
2025-05-10 10:47:40,103771.38471414876,103763,2060798564135,1,28255725630,19862765.0,21000000.0,108786,67.81,,0.48566,,,,2025-05-10T10:46:55.667Z
2025-05-10 10:50:37,103740.9178234478,103740,2060619724680,1,28295454816,19862765.0,21000000.0,108786,67.81,,0.46285,,,,2025-05-10T10:50:29.832Z
2025-05-10 10:53:32,103768.0210497518,103767,2060619724680,1,28257545338,19862765.0,21000000.0,108786,67.81,,0.44488,,,,2025-05-10T10:53:13.512Z
2025-05-10 10:56:13,103731.89267376871,103732,2061069885556,1,28305438530,19862790.0,21000000.0,108786,67.81,,0.41065,,,,2025-05-10T10:56:22.971Z
2025-05-10 10:59:46,103673.1959520334,103676,2059302000580,1,28285738280,19862790.0,21000000.0,108786,67.81,,0.3715,,,,2025-05-10T10:59:38.434Z
2025-05-10 11:02:27,103607.90153164226,103612,2059302000580,1,28222873330,19862790.0,21000000.0,108786,67.81,,0.45808,,,,2025-05-10T11:02:18.483Z
2025-05-10 11:05:46,103577.4007044509,103583,2058030785618,1,28147663289,19862790.0,21000000.0,108786,67.81,,0.42925,,,,2025-05-10T11:05:29.278Z
2025-05-10 11:08:48,103620.32961463512,103620,2058118689045,1,26740225363,19862790.0,21000000.0,108786,67.81,,0.44961,,,,2025-05-10T11:08:48.883Z
2025-05-10 11:11:26,103613.16530182984,103613,2058055172727,1,26367043531,19862790.0,21000000.0,108786,67.81,,0.39024,,,,2025-05-10T11:11:26.344Z
2025-05-10 11:14:35,103623.29981200444,103626,2058296711764,1,26175668656,19862790.0,21000000.0,108786,67.81,,0.40244,,,,2025-05-10T11:14:49.528Z
2025-05-10 11:17:34,103617.00227022196,103617,2058296711764,1,26237935171,19862790.0,21000000.0,108786,67.81,,0.34952,,,,2025-05-10T11:17:26.584Z
2025-05-10 11:20:41,103599.23504816707,103598,2057844435928,1,26354403759,19862790.0,21000000.0,108786,67.81,,0.25388,,,,2025-05-10T11:20:55.600Z
2025-05-10 11:23:28,103585.32130438962,103587,2057844435928,1,26278475195,19862790.0,21000000.0,108786,67.81,,0.24291,,,,2025-05-10T11:23:38.717Z
2025-05-10 11:26:30,103610.72496589314,103611,2057492133104,1,27166518214,19862790.0,21000000.0,108786,67.81,,0.49844,,,,2025-05-10T11:26:38.394Z
2025-05-10 11:29:54,103593.58883873984,103594,2058043809539,1,26847357734,19862790.0,21000000.0,108786,67.81,,0.48213,,,,2025-05-10T11:29:42.633Z
2025-05-10 11:32:42,103565.84245655945,103568,2058043809539,1,26846881133,19862790.0,21000000.0,108786,67.81,,0.52005,,,,2025-05-10T11:32:17.905Z
2025-05-10 11:35:46,103541.01080689632,103541,2057008897487,1,26611577859,19862790.0,21000000.0,108786,67.81,,0.53331,,,,2025-05-10T11:35:46.459Z
2025-05-10 11:38:46,103537.51382258598,103537,2056393996410,1,26513501111,19862790.0,21000000.0,108786,67.81,,0.52986,,,,2025-05-10T11:38:33.817Z
2025-05-10 11:42:03,103499.1904929368,103530,2056436446369,1,26384691029,19862790.0,21000000.0,108786,67.81,,0.47386,,,,2025-05-10T11:41:16.402Z
2025-05-10 11:45:02,103469.57293559409,103469,2056436446369,1,26743600238,19862790.0,21000000.0,108786,67.81,,0.41535,,,,2025-05-10T11:44:41.155Z
2025-05-10 11:48:02,103442.94807139506,103443,2054882166250,1,26651612831,19862790.0,21000000.0,108786,67.81,,0.36547,,,,2025-05-10T11:48:02.078Z
2025-05-10 11:50:33,103470.95991520915,103472,2054882166250,1,25473234971,19862790.0,21000000.0,108786,67.81,,0.45789,,,,2025-05-10T11:50:44.382Z
2025-05-10 11:53:55,103478.7877197447,103480,2055240585484,1,25468384778,19862790.0,21000000.0,108786,67.81,,0.46534,,,,2025-05-10T11:53:23.650Z
2025-05-10 11:57:07,103471.39912927976,103471,2055509186074,1,25568089486,19862815.0,21000000.0,108786,67.81,,0.51335,,,,2025-05-10T11:57:07.624Z
2025-05-10 11:59:53,103449.31707387924,103449,2054920292901,1,25635188956,19862815.0,21000000.0,108786,67.81,,0.4919,,,,2025-05-10T11:59:53.111Z
2025-05-10 12:02:47,103466.05904078417,103456,2054920292901,1,25624592583,19862815.0,21000000.0,108786,67.81,,0.4555,,,,2025-05-10T12:02:27.304Z
2025-05-10 12:05:43,103473.25999809036,103475,2055202584455,1,26382455683,19862815.0,21000000.0,108786,67.81,,0.47424,,,,2025-05-10T12:05:35.550Z
2025-05-10 12:09:06,103551.41837099953,103552,2055202584455,1,26266462289,19862815.0,21000000.0,108786,67.81,,0.62416,,,,2025-05-10T12:09:00.331Z
2025-05-10 12:12:02,103580.50785445956,103583,2055202584455,1,26308191875,19862815.0,21000000.0,108786,67.81,,0.63548,,,,2025-05-10T12:12:17.124Z
2025-05-10 12:15:12,103596.9064883544,103597,2055202584455,1,26404205756,19862815.0,21000000.0,108786,67.81,,0.64887,,,,2025-05-10T12:15:12.596Z
2025-05-10 12:18:15,103600.831235658,103599,2057702897195,1,26316872800,19862815.0,21000000.0,108786,67.81,,0.64609,,,,2025-05-10T12:17:52.509Z
2025-05-10 12:21:22,103604.96966406528,103603,2057821400292,1,26252235851,19862815.0,21000000.0,108786,67.81,,0.64985,,,,2025-05-10T12:20:41.768Z
2025-05-10 12:23:55,103637.18132273055,103643,2057821400292,1,26409590774,19862815.0,21000000.0,108786,67.81,,0.59431,,,,2025-05-10T12:24:04.400Z
2025-05-10 12:26:54,103668.67389179111,103670,2058679348488,1,26140787377,19862815.0,21000000.0,108786,67.81,,0.60357,,,,2025-05-10T12:27:22.825Z
2025-05-10 12:30:12,103713.32114845404,103709,2058679348488,1,26232237694,19862815.0,21000000.0,108786,67.81,,0.64053,,,,2025-05-10T12:29:48.161Z
2025-05-10 12:33:19,103729.68572768266,103732,2059942770832,1,25226684005,19862815.0,21000000.0,108786,67.81,,0.62846,,,,2025-05-10T12:33:26.556Z
2025-05-10 12:36:22,103755.02588461131,103755,2060431097021,1,26199546943,19862815.0,21000000.0,108786,67.81,,0.65138,,,,2025-05-10T12:36:31.619Z
2025-05-10 12:39:19,103744.9493778988,103747,2060902832174,1,26170161123,19862815.0,21000000.0,108786,67.81,,0.69746,,,,2025-05-10T12:38:46.677Z
2025-05-10 12:42:27,103719.37845688508,103721,2060902832174,1,26313148345,19862815.0,21000000.0,108786,67.81,,0.72221,,,,2025-05-10T12:42:01.986Z
2025-05-10 12:45:02,103669.94126551252,103688,2060144265336,1,26287967120,19862815.0,21000000.0,108786,67.81,,0.69029,,,,2025-05-10T12:45:25.628Z
2025-05-10 12:48:32,103669.18678906614,103667,2059130525279,1,25305723825,19862815.0,21000000.0,108786,67.81,,0.61115,,,,2025-05-10T12:48:23.850Z
2025-05-10 12:51:07,103682.35481057236,103684,2059130525279,1,25308679626,19862815.0,21000000.0,108786,67.81,,0.62698,,,,2025-05-10T12:50:47.014Z
2025-05-10 12:54:31,103703.32307886796,103703,2059672080078,1,25292018887,19862850.0,21000000.0,108786,67.81,,0.69607,,,,2025-05-10T12:54:21.892Z
2025-05-10 12:57:15,103710.00553240624,103709,2059940462770,1,25867303857,19862850.0,21000000.0,108786,67.81,,0.75754,,,,2025-05-10T12:57:40.816Z
2025-05-10 13:00:17,103692.46074323377,103696,2059940462770,1,25908383742,19862850.0,21000000.0,108786,67.81,,0.72272,,,,2025-05-10T13:00:39.968Z
2025-05-10 13:03:25,103723.37049626547,103723,2060078636790,1,25915316842,19862850.0,21000000.0,108786,67.81,,0.7491,,,,2025-05-10T13:03:13.991Z
2025-05-10 13:06:01,103724.73510805696,103725,2060078636790,1,25754819927,19862850.0,21000000.0,108786,67.81,,0.69225,,,,2025-05-10T13:06:01.636Z
2025-05-10 13:09:22,103720.00916134572,103720,2060078636790,1,25693171366,19862850.0,21000000.0,108786,67.81,,0.68777,,,,2025-05-10T13:09:02.260Z
2025-05-10 13:12:25,103711.47027665853,103711,2060174983970,1,25651360991,19862850.0,21000000.0,108786,67.81,,0.63019,,,,2025-05-10T13:12:25.191Z
2025-05-10 13:15:47,103697.22426064924,103697,2059754393759,1,25585848838,19862850.0,21000000.0,108786,67.81,,0.61639,,,,2025-05-10T13:15:38.214Z
2025-05-10 13:18:22,103673.28035309727,103676,2059754393759,1,25655118360,19862850.0,21000000.0,108786,67.81,,0.61564,,,,2025-05-10T13:18:12.199Z
2025-05-10 13:21:43,103642.40483312884,103642,2059112175643,1,25566120047,19862850.0,21000000.0,108786,67.81,,0.63463,,,,2025-05-10T13:21:53.072Z
2025-05-10 13:24:24,103619.95145857635,103622,2058259670255,1,25546335215,19862850.0,21000000.0,108786,67.81,,0.61483,,,,2025-05-10T13:24:12.609Z
2025-05-10 13:27:53,103604.50417271198,103607,2058259670255,1,25640600527,19862850.0,21000000.0,108786,67.81,,0.59865,,,,2025-05-10T13:27:23.694Z
2025-05-10 13:30:45,103617.69552268482,103618,2057985032093,1,25455402358,19862850.0,21000000.0,108786,67.81,,0.53111,,,,2025-05-10T13:30:54.545Z
2025-05-10 13:33:38,103602.00657862757,103602,2057985032093,1,25392250253,19862850.0,21000000.0,108786,67.81,,0.51605,,,,2025-05-10T13:33:28.965Z
2025-05-10 13:36:54,103629.55167740949,103625,2057825786222,1,25251194443,19862850.0,21000000.0,108786,67.81,,0.41272,,,,2025-05-10T13:36:33.233Z
2025-05-10 13:39:54,103619.20141496704,103626,2058292700055,1,25281959722,19862850.0,21000000.0,108786,67.81,,0.41409,,,,2025-05-10T13:39:36.714Z
2025-05-10 13:42:36,103619.76676665033,103618,2058159132117,1,25152000024,19862850.0,21000000.0,108786,67.81,,0.3279,,,,2025-05-10T13:43:02.876Z
2025-05-10 13:46:03,103606.97723636718,103607,2058159132117,1,25093273279,19862850.0,21000000.0,108786,67.81,,0.31695,,,,2025-05-10T13:46:03.025Z
2025-05-10 13:48:33,103630.08578010811,103630,2057959248274,1,25065168653,19862850.0,21000000.0,108786,67.81,,0.15493,,,,2025-05-10T13:48:33.007Z
2025-05-10 13:51:47,103648.46801311144,103651,2058976083458,1,24986783661,19862850.0,21000000.0,108786,67.81,,0.09046,,,,2025-05-10T13:52:01.409Z
2025-05-10 13:55:05,103654.73328659488,103655,2058976083458,1,24867297571,19862850.0,21000000.0,108786,67.81,,0.09362,,,,2025-05-10T13:54:53.232Z
2025-05-10 13:57:36,103656.38503494924,103658,2058980606526,1,24699851384,19862850.0,21000000.0,108786,67.81,,0.02114,,,,2025-05-10T13:57:24.472Z
2025-05-10 14:00:42,103663.01429162656,103662,2059031275596,1,24628563564,19862850.0,21000000.0,108786,67.81,,0.22675,,,,2025-05-10T14:00:33.879Z
2025-05-10 14:04:01,103670.05660836118,103670,2059031275596,1,24435131814,19862850.0,21000000.0,108786,67.81,,0.23444,,,,2025-05-10T14:03:22.028Z
2025-05-10 14:07:03,103635.7827435242,103639,2059123906603,1,24313541772,19862850.0,21000000.0,108786,67.81,,0.1731,,,,2025-05-10T14:06:37.686Z
2025-05-10 14:10:01,103621.5099969543,103622,2058251760980,1,24174616060,19862850.0,21000000.0,108786,67.81,,0.15619,,,,2025-05-10T14:10:01.139Z
2025-05-10 14:13:01,103582.77483813291,103587,2058251760980,1,23107975994,19862850.0,21000000.0,108786,67.81,,0.05789,,,,2025-05-10T14:12:23.738Z
2025-05-10 14:15:43,103579.70947743052,103580,2057266294051,1,22674912352,19862850.0,21000000.0,108786,67.81,,0.05071,,,,2025-05-10T14:15:43.964Z
2025-05-10 14:18:58,103563.69226869431,103569,2057266294051,1,22676790154,19862850.0,21000000.0,108786,67.81,,0.16916,,,,2025-05-10T14:18:37.864Z
2025-05-10 14:22:01,103543.12018092592,103542,2057020161251,1,22671580174,19862850.0,21000000.0,108786,67.81,,0.14366,,,,2025-05-10T14:21:33.688Z
2025-05-10 14:25:12,103539.48677310704,103537,2056557283106,1,23368941140,19862850.0,21000000.0,108786,67.81,,0.33638,,,,2025-05-10T14:25:01.495Z
2025-05-10 14:28:14,103540.60239430728,103546,2056557283106,1,23207529060,19862850.0,21000000.0,108786,67.81,,0.65348,,,,2025-05-10T14:28:03.036Z
2025-05-10 14:31:23,103539.62262576348,103535,2056517444905,1,22978098221,19862850.0,21000000.0,108786,67.81,,0.57105,,,,2025-05-10T14:30:50.013Z
2025-05-10 14:34:13,103534.65644788137,103537,2056517444905,1,22856246310,19862850.0,21000000.0,108786,67.81,,0.57282,,,,2025-05-10T14:33:42.777Z
2025-05-10 14:37:14,103544.26438153592,103544,2056493350826,1,22695512993,19862850.0,21000000.0,108786,67.81,,0.78296,,,,2025-05-10T14:37:14.690Z
2025-05-10 14:40:03,103544.97415677967,103540,2056771465481,1,22559383627,19862850.0,21000000.0,108786,67.81,,0.77922,,,,2025-05-10T14:40:14.802Z
2025-05-10 14:43:02,103528.60253788422,103528,2056771465481,1,22322301037,19862850.0,21000000.0,108786,67.81,,0.63017,,,,2025-05-10T14:43:11.429Z
2025-05-10 14:46:22,103557.11050371586,103539,2056279145349,1,22468430714,19862850.0,21000000.0,108786,67.81,,0.64019,,,,2025-05-10T14:45:55.387Z
2025-05-10 14:49:02,103543.361285337,103538,2056666253706,1,22141271212,19862850.0,21000000.0,108786,67.81,,0.63673,,,,2025-05-10T14:49:16.425Z
2025-05-10 14:52:01,103532.32371059248,103538,2056666253706,1,21904513373,19862850.0,21000000.0,108786,67.81,,0.55394,,,,2025-05-10T14:52:18.918Z
2025-05-10 14:55:33,103549.67396584926,103548,2056714662451,1,21948805591,19862865.0,21000000.0,108786,67.81,,0.56303,,,,2025-05-10T14:55:19.187Z
2025-05-10 14:58:21,103551.65055635155,103551,2056782691737,1,21910824521,19862865.0,21000000.0,108786,67.81,,0.45486,,,,2025-05-10T14:58:04.698Z
2025-05-10 15:01:23,103553.39251643392,103553,2056782691737,1,21560951054,19862865.0,21000000.0,108786,67.81,,0.38213,,,,2025-05-10T15:01:23.426Z
2025-05-10 15:04:12,103542.75832810032,103543,2056788629916,1,21681360805,19862865.0,21000000.0,108786,67.81,,0.37219,,,,2025-05-10T15:04:35.439Z
2025-05-10 15:07:33,103520.31305856806,103535,2056788629916,1,21611761569,19862865.0,21000000.0,108786,67.81,,0.36421,,,,2025-05-10T15:06:57.121Z
2025-05-10 15:10:33,103527.40033465812,103527,2056313601780,1,21540461769,19862865.0,21000000.0,108786,67.81,,0.38553,,,,2025-05-10T15:10:33.765Z
2025-05-10 15:13:08,103516.15823575204,103517,2056133462074,1,21516412273,19862865.0,21000000.0,108786,67.81,,0.40044,,,,2025-05-10T15:13:29.167Z
2025-05-10 15:16:16,103511.9906524502,103518,2056133462074,1,21480311611,19862865.0,21000000.0,108786,67.81,,0.47805,,,,2025-05-10T15:16:05.826Z
2025-05-10 15:19:25,103493.3298063128,103495,2056005945830,1,21480137249,19862865.0,21000000.0,108786,67.81,,0.45534,,,,2025-05-10T15:19:34.277Z
2025-05-10 15:40:27,103431.61684350116,103428,2055414348686,1,21230783636,19862865.0,21000000.0,108786,67.81,,0.56986,,,,2025-05-10T15:40:45.201Z
2025-05-10 15:43:50,103403.25161816955,103403,2054207321633,1,20927834821,19862865.0,21000000.0,108786,67.81,,0.54832,,,,2025-05-10T15:43:50.064Z
2025-05-10 15:46:33,103401.9870244762,103399,2054207321633,1,21062964328,19862865.0,21000000.0,108786,67.81,,0.56138,,,,2025-05-10T15:46:17.115Z
2025-05-10 15:51:15,103362.8581919426,103367,2053933193693,1,20933002829,19862865.0,21000000.0,108786,67.81,,0.47754,,,,2025-05-10T15:50:58.822Z
2025-05-10 15:59:56,103263.78174304232,103264,2051701937534,1,21084739666,19862865.0,21000000.0,108786,67.81,,0.35851,,,,2025-05-10T15:59:35.796Z
2025-05-10 16:03:02,103265.52873966748,103261,2051087497822,1,21028295066,19862865.0,21000000.0,108786,67.81,,0.44667,,,,2025-05-10T16:03:25.414Z
2025-05-10 16:06:14,103273.07392200764,103270,2051087497822,1,20987043326,19862865.0,21000000.0,108786,67.81,,0.58271,,,,2025-05-10T16:05:43.675Z
2025-05-10 16:09:24,103237.41673297052,103237,2050677319235,1,19596751126,19862865.0,21000000.0,108786,67.81,,0.55095,,,,2025-05-10T16:09:24.479Z
2025-05-10 16:12:06,103245.03551283048,103245,2050677319235,1,19498978568,19862865.0,21000000.0,108786,67.81,,0.47758,,,,2025-05-10T16:11:41.511Z
2025-05-10 16:15:06,103241.5992550456,103243,2050773471671,1,19560052235,19862865.0,21000000.0,108786,67.81,,0.4751,,,,2025-05-10T16:15:17.639Z
2025-05-10 16:18:04,103322.90876183532,103320,2050773471671,1,20894724383,19862865.0,21000000.0,108786,67.81,,0.51953,,,,2025-05-10T16:17:52.405Z
2025-05-10 16:21:13,103371.13759062202,103371,2052230524140,1,20790665885,19862865.0,21000000.0,108786,67.81,,0.53766,,,,2025-05-10T16:21:13.905Z
2025-05-10 16:24:34,103388.88239283104,103390,2053604340456,1,20518486837,19862865.0,21000000.0,108786,67.81,,0.55566,,,,2025-05-10T16:24:15.186Z
2025-05-10 16:27:30,103391.94751727942,103384,2053604340456,1,20479322021,19862865.0,21000000.0,108786,67.81,,0.58324,,,,2025-05-10T16:27:02.426Z
2025-05-10 16:30:02,103374.7824753726,103375,2053709964660,1,20475000435,19862865.0,21000000.0,108786,67.81,,0.57415,,,,2025-05-10T16:30:02.133Z
2025-05-10 16:33:06,103365.4147528944,103374,2053133278906,1,20402697817,19862865.0,21000000.0,108786,67.81,,0.55737,,,,2025-05-10T16:33:24.901Z
2025-05-10 16:36:13,103423.4273504472,103427,2053133278906,1,20478137470,19862865.0,21000000.0,108786,67.81,,0.60287,,,,2025-05-10T16:36:03.853Z
2025-05-10 16:39:12,103455.12817336622,103454,2054913428509,1,20595098051,19862865.0,21000000.0,108786,67.81,,0.62881,,,,2025-05-10T16:39:29.950Z
2025-05-10 16:42:14,103459.19912894414,103444,2054913428509,1,20533167264,19862865.0,21000000.0,108786,67.81,,0.67213,,,,2025-05-10T16:42:02.765Z
2025-05-10 16:45:35,103441.85016549428,103442,2054779971530,1,20590375057,19862865.0,21000000.0,108786,67.81,,0.66989,,,,2025-05-10T16:45:43.515Z
2025-05-10 16:48:16,103410.34239845233,103410,2054779971530,1,20264213127,19862865.0,21000000.0,108786,67.81,,0.67639,,,,2025-05-10T16:48:16.044Z
2025-05-10 16:51:33,103377.7220750184,103382,2054000806799,1,20668780926,19862865.0,21000000.0,108786,67.81,,0.7072,,,,2025-05-10T16:51:12.713Z
2025-05-10 16:54:07,103360.51494287878,103363,2053014333227,1,20418619158,19862931.0,21000000.0,108786,67.81,,0.68907,,,,2025-05-10T16:54:46.733Z
2025-05-10 17:01:41,103417.23070486858,103420,2053559441458,1,20212869731,19862931.0,21000000.0,108786,67.81,,0.87233,,,,2025-05-10T17:02:02.742Z
2025-05-10 17:05:04,103461.44040280538,103461,2054307574375,1,20252882080,19862931.0,21000000.0,108786,67.81,,0.91248,,,,2025-05-10T17:05:14.483Z
2025-05-10 17:07:52,103473.08861159573,103471,2054307574375,1,20198876677,19862931.0,21000000.0,108786,67.81,,0.75429,,,,2025-05-10T17:07:37.324Z
2025-05-10 17:10:59,103477.98596100364,103479,2055289939131,1,20191569394,19862931.0,21000000.0,108786,67.81,,0.76125,,,,2025-05-10T17:11:02.631Z
2025-05-10 17:14:10,103486.31962621716,103485,2055893836494,1,20177918359,19862931.0,21000000.0,108786,67.81,,0.65861,,,,2025-05-10T17:14:15.433Z
2025-05-10 17:17:09,103441.91181615184,103448,2055893836494,1,20225343008,19862931.0,21000000.0,108786,67.81,,0.62223,,,,2025-05-10T17:16:43.279Z
2025-05-10 17:19:34,103449.18720935933,103443,2054484840004,1,20175288608,19862931.0,21000000.0,108786,67.81,,0.54016,,,,2025-05-10T17:19:01.694Z
2025-05-10 17:27:32,103493.55008713384,103494,2055582502275,1,19494073643,19862931.0,21000000.0,108786,67.81,,0.48396,,,,2025-05-10T17:27:32.160Z
2025-05-10 17:30:46,103472.5857747318,103469,2055614676911,1,19398901941,19862931.0,21000000.0,108786,67.81,,0.40798,,,,2025-05-10T17:30:58.652Z
2025-05-10 17:34:02,103469.69865492068,103470,2055232267868,1,19405073771,19862931.0,21000000.0,108786,67.81,,0.40897,,,,2025-05-10T17:34:14.619Z
2025-05-10 17:37:01,103497.3356380307,103490,2055232267868,1,19153284144,19862931.0,21000000.0,108786,67.81,,0.35099,,,,2025-05-10T17:36:26.820Z
2025-05-10 17:40:09,103565.77701213936,103563,2056246709001,1,20279501726,19862931.0,21000000.0,108786,67.81,,0.42183,,,,2025-05-10T17:39:45.373Z
2025-05-10 17:42:41,103557.51493364094,103527,2056957834247,1,18968310410,19862931.0,21000000.0,108786,67.81,,0.39343,,,,2025-05-10T17:43:20.682Z
2025-05-10 17:46:12,103526.15509926558,103513,2056957834247,1,19446229464,19862931.0,21000000.0,108786,67.81,,0.37955,,,,2025-05-10T17:45:49.256Z
2025-05-10 17:49:12,103468.40806751364,103468,2056030659986,1,19961461418,19862931.0,21000000.0,108786,67.81,,0.28601,,,,2025-05-10T17:49:12.060Z
2025-05-10 17:52:03,103410.70991358526,103410,2056030659986,1,20172634187,19862931.0,21000000.0,108786,67.81,,0.20482,,,,2025-05-10T17:51:37.654Z
2025-05-10 17:54:52,103376.29785011776,103376,2053976465013,1,20285942397,19862946.0,21000000.0,108786,67.81,,0.17225,,,,2025-05-10T17:54:52.987Z
2025-05-10 17:58:22,103327.5766754204,103328,2052545093799,1,20212062932,19862946.0,21000000.0,108786,67.81,,0.13097,,,,2025-05-10T17:58:22.835Z
2025-05-10 18:01:17,103298.02234773856,103310,2052545093799,1,20196747422,19862946.0,21000000.0,108786,67.81,,0.11361,,,,2025-05-10T18:00:44.644Z
2025-05-10 18:04:24,103292.0719811072,103296,2051868593002,1,20123842633,19862946.0,21000000.0,108786,67.81,,0.1232,,,,2025-05-10T18:04:02.045Z
2025-05-10 18:07:26,103309.0881366484,103309,2051868593002,1,20177248578,19862946.0,21000000.0,108786,67.81,,0.19936,,,,2025-05-10T18:07:26.051Z
2025-05-10 18:10:03,103276.97062341328,103287,2051868593002,1,18643468778,19862946.0,21000000.0,108786,67.81,,0.17806,,,,2025-05-10T18:10:22.183Z
2025-05-10 18:13:23,103291.95147300792,103293,2051868593002,1,18750547898,19862946.0,21000000.0,108786,67.81,,0.19572,,,,2025-05-10T18:13:33.041Z
2025-05-10 18:16:26,103273.59732795294,103275,2051407256095,1,18998779727,19862946.0,21000000.0,108786,67.81,,0.17884,,,,2025-05-10T18:16:08.572Z
2025-05-10 18:19:36,103280.856401117,103281,2051407256095,1,18697342619,19862946.0,21000000.0,108786,67.81,,0.15025,,,,2025-05-10T18:19:14.351Z
2025-05-10 18:22:14,103281.14877414638,103286,2051663644716,1,20261761906,19862946.0,21000000.0,108786,67.81,,0.15507,,,,2025-05-10T18:22:36.524Z
2025-05-10 18:25:36,103210.55815069412,103217,2051663644716,1,18456677484,19862946.0,21000000.0,108786,67.81,,0.08826,,,,2025-05-10T18:25:02.499Z
2025-05-10 18:28:23,103230.79399273926,103230,2050041765807,1,20148492127,19862946.0,21000000.0,108786,67.81,,0.08951,,,,2025-05-10T18:28:16.286Z
2025-05-10 18:31:01,103253.16289791746,103253,2050911998971,1,20110353628,19862946.0,21000000.0,108786,67.81,,0.04718,,,,2025-05-10T18:31:01.828Z
2025-05-10 18:34:33,103222.79833098978,103187,2050911998971,1,18996726359,19862946.0,21000000.0,108786,67.81,,-0.01649,,,,2025-05-10T18:34:11.687Z
2025-05-10 18:37:45,103217.68801502849,103218,2050538109006,1,20470413127,19862946.0,21000000.0,108786,67.81,,-0.03748,,,,2025-05-10T18:37:45.550Z
2025-05-10 18:40:41,103185.42930596435,103187,2050538109006,1,20519274148,19862946.0,21000000.0,108786,67.81,,-0.06757,,,,2025-05-10T18:40:23.285Z
2025-05-10 18:43:38,103185.4296218642,103181,2049468804204,1,20490985636,19862946.0,21000000.0,108786,67.81,,-0.11577,,,,2025-05-10T18:43:17.358Z
2025-05-10 18:46:42,103139.47695208686,103139,2049468804204,1,18975821770,19862946.0,21000000.0,108786,67.81,,-0.15582,,,,2025-05-10T18:46:02.241Z
2025-05-10 18:49:47,103204.21189682472,103202,2048718150804,1,20385821187,19862946.0,21000000.0,108786,67.81,,-0.13401,,,,2025-05-10T18:49:38.752Z
2025-05-10 18:52:25,103235.84951444168,103247,2050260072514,1,20470525521,19862946.0,21000000.0,108786,67.81,,-0.05676,,,,2025-05-10T18:52:45.218Z
2025-05-10 18:55:40,103289.04095373854,103272,2050260072514,1,20177598034,19862946.0,21000000.0,108786,67.81,,-0.03302,,,,2025-05-10T18:55:03.092Z
2025-05-10 18:58:33,103279.71921433824,103280,2051573881838,1,20188689906,19862946.0,21000000.0,108786,67.81,,0.03681,,,,2025-05-10T18:58:22.614Z
2025-05-10 19:01:42,103285.43890182734,103289,2051804197162,1,19471643753,19862946.0,21000000.0,108786,67.81,,0.04764,,,,2025-05-10T19:01:31.899Z
2025-05-10 19:04:23,103225.01856407264,103221,2051804197162,1,18902474455,19862946.0,21000000.0,108786,67.81,,-0.01816,,,,2025-05-10T19:04:59.370Z
2025-05-10 19:07:33,103194.1939480197,103192,2050120215592,1,18937117389,19862946.0,21000000.0,108786,67.81,,-0.07545,,,,2025-05-10T19:07:44.014Z
2025-05-10 19:10:45,103152.87201975474,103156,2050120215592,1,19731257554,19862946.0,21000000.0,108786,67.81,,-0.1102,,,,2025-05-10T19:10:14.155Z
2025-05-10 19:13:40,103139.55459779104,103137,2048873659311,1,19757378210,19862946.0,21000000.0,108786,67.81,,-0.08761,,,,2025-05-10T19:13:56.616Z
2025-05-10 19:17:04,103127.26288475408,103127,2048873659311,1,19877856799,19862946.0,21000000.0,108786,67.81,,0.05145,,,,2025-05-10T19:16:45.510Z
2025-05-10 19:20:01,103145.11966848338,103138,2048413961716,1,19824927178,19862946.0,21000000.0,108786,67.81,,0.06211,,,,2025-05-10T19:19:23.126Z
2025-05-10 19:22:56,103171.8414277448,103173,2048998254345,1,19922206710,19862946.0,21000000.0,108786,67.81,,0.14004,,,,2025-05-10T19:23:06.350Z
2025-05-10 19:26:08,103199.42386196056,103190,2049647239534,1,19938957295,19862946.0,21000000.0,108786,67.81,,0.15579,,,,2025-05-10T19:25:24.110Z
2025-05-10 19:29:01,103214.38234195406,103214,2049647239534,1,19748535168,19862946.0,21000000.0,108786,67.81,,0.2051,,,,2025-05-10T19:29:01.915Z
2025-05-10 19:32:02,103213.68146034138,103213,2050209767086,1,19739973800,19862946.0,21000000.0,108786,67.81,,0.20336,,,,2025-05-10T19:31:34.685Z
2025-05-10 19:34:56,103247.29380080364,103250,2050824609654,1,19821957937,19862946.0,21000000.0,108786,67.81,,0.20514,,,,2025-05-10T19:35:13.513Z
2025-05-10 19:38:02,103274.9865019769,103273,2050824609654,1,19772524999,19862946.0,21000000.0,108786,67.81,,0.21901,,,,2025-05-10T19:37:55.928Z
2025-05-10 19:40:44,103279.69127055642,103280,2051526323509,1,20142516248,19862946.0,21000000.0,108786,67.81,,0.2251,,,,2025-05-10T19:40:44.030Z
2025-05-10 19:43:59,103294.65563201996,103291,2051526323509,1,19907731814,19862946.0,21000000.0,108786,67.81,,0.21697,,,,2025-05-10T19:44:15.215Z
2025-05-10 19:47:13,103273.49979369652,103278,2051656298714,1,19826178389,19862946.0,21000000.0,108786,67.81,,0.19564,,,,2025-05-10T19:46:52.127Z
2025-05-10 19:50:01,103275.31751329868,103275,2051321167478,1,19989105120,19862946.0,21000000.0,108786,67.81,,0.19313,,,,2025-05-10T19:50:01.239Z
2025-05-10 19:53:14,103283.69777102988,103283,2051321167478,1,19817233669,19862946.0,21000000.0,108786,67.81,,0.16085,,,,2025-05-10T19:52:54.148Z
2025-05-10 19:56:12,103271.745920497,103272,2051605175905,1,19931014027,19862990.0,21000000.0,108786,67.81,,0.15003,,,,2025-05-10T19:56:12.297Z
2025-05-10 19:59:23,103260.75209491009,103261,2051605175905,1,20104729926,19862990.0,21000000.0,108786,67.81,,0.05614,,,,2025-05-10T19:58:45.395Z
2025-05-10 20:02:01,103230.76743785445,103226,2051067286254,1,19610129380,19862990.0,21000000.0,108786,67.81,,0.0221,,,,2025-05-10T20:02:19.241Z
2025-05-10 20:05:02,103203.33862259456,103204,2050009185658,1,19410458596,19862990.0,21000000.0,108786,67.81,,0.00083,,,,2025-05-10T20:04:44.816Z
2025-05-10 20:08:05,103184.52463540137,103184,2050009185658,1,19573060297,19862990.0,21000000.0,108786,67.81,,-0.13793,,,,2025-05-10T20:08:19.678Z
2025-05-10 20:11:04,103198.54198586653,103198,2049761194504,1,19983655590,19862990.0,21000000.0,108786,67.81,,-0.1331,,,,2025-05-10T20:11:25.476Z
2025-05-10 20:14:13,103176.72676027023,103186,2049761194504,1,19129587125,19862990.0,21000000.0,108786,67.81,,-0.14488,,,,2025-05-10T20:13:52.609Z
2025-05-10 20:17:05,103220.45106791574,103227,2049398291872,1,19488828968,19862990.0,21000000.0,108786,67.81,,-0.10458,,,,2025-05-10T20:17:33.034Z
2025-05-10 20:20:04,103231.0359477291,103231,2050464028787,1,19593727892,19862990.0,21000000.0,108786,67.81,,-0.10026,,,,2025-05-10T20:20:04.757Z
2025-05-10 20:23:22,103226.53077232292,103227,2050464028787,1,19512393820,19862990.0,21000000.0,108786,67.81,,-0.10883,,,,2025-05-10T20:23:22.545Z
2025-05-10 20:26:18,103222.738702936,103223,2050216068196,1,19511241814,19862990.0,21000000.0,108786,67.81,,-0.1125,,,,2025-05-10T20:26:18.233Z
2025-05-10 20:29:36,103238.85527344604,103240,2050216068196,1,19828445996,19862990.0,21000000.0,108786,67.81,,-0.08099,,,,2025-05-10T20:29:13.730Z
2025-05-10 20:32:34,103241.19154517548,103240,2050656687989,1,19804713274,19862990.0,21000000.0,108786,67.81,,-0.0807,,,,2025-05-10T20:31:54.405Z
2025-05-10 20:35:14,103233.16699278798,103233,2050527056844,1,19658916091,19862990.0,21000000.0,108786,67.81,,-0.05785,,,,2025-05-10T20:35:24.850Z
2025-05-10 20:38:27,103237.84182029973,103237,2050527056844,1,19348172883,19862990.0,21000000.0,108786,67.81,,-0.01484,,,,2025-05-10T20:38:44.239Z
2025-05-10 20:41:24,103239.96631119904,103240,2050684807307,1,19235606044,19862990.0,21000000.0,108786,67.81,,-0.01236,,,,2025-05-10T20:41:24.810Z
2025-05-10 20:44:28,103255.3163830544,103259,2050684807307,1,19426687084,19862990.0,21000000.0,108786,67.81,,0.01222,,,,2025-05-10T20:44:44.623Z
2025-05-10 20:47:43,103274.7598521601,103275,2051112734656,1,19645315927,19862990.0,21000000.0,108786,67.81,,0.02434,,,,2025-05-10T20:47:14.682Z
2025-05-10 20:50:43,103268.71636498436,103269,2051227593966,1,19379577401,19862990.0,21000000.0,108786,67.81,,0.018,,,,2025-05-10T20:50:43.658Z
2025-05-10 20:53:45,103273.4562693215,103273,2051227593966,1,19472934903,19862990.0,21000000.0,108786,67.81,,0.05492,,,,2025-05-10T20:53:29.835Z
2025-05-10 20:56:27,103284.45976206128,103287,2051514052899,1,19386485153,19863006.0,21000000.0,108786,67.81,,0.07479,,,,2025-05-10T20:56:15.068Z
2025-05-10 20:59:23,103230.4196627298,103223,2051514052899,1,19573883096,19863006.0,21000000.0,108786,67.81,,0.01362,,,,2025-05-10T20:59:54.741Z
2025-05-10 21:02:21,103212.4669007994,103207,2050327913495,1,19567911384,19863006.0,21000000.0,108786,67.81,,0.00257,,,,2025-05-10T21:02:11.218Z
2025-05-10 21:05:46,103227.97457109918,103227,2050327913495,1,19642237509,19863006.0,21000000.0,108786,67.81,,0.03997,,,,2025-05-10T21:05:37.824Z
2025-05-10 21:08:59,103228.49996229916,103208,2050595219419,1,19465856714,19863006.0,21000000.0,108786,67.81,,0.02217,,,,2025-05-10T21:08:24.947Z
2025-05-10 21:11:47,103222.94567084232,103223,2050317989198,1,19647591692,19863006.0,21000000.0,108786,67.81,,0.11557,,,,2025-05-10T21:11:54.871Z
2025-05-10 21:14:45,103237.36941935592,103239,2050317989198,1,19395893093,19863006.0,21000000.0,108786,67.81,,0.13107,,,,2025-05-10T21:15:01.376Z
2025-05-10 21:17:53,103228.95768028546,103229,2050599658074,1,19477232346,19863006.0,21000000.0,108786,67.81,,0.24396,,,,2025-05-10T21:17:53.315Z
2025-05-10 21:20:42,103230.58535752696,103231,2050599658074,1,19615077056,19863006.0,21000000.0,108786,67.81,,0.24554,,,,2025-05-10T21:20:42.727Z
2025-05-10 21:24:02,103234.94681092622,103235,2050577335188,1,19564653894,19863006.0,21000000.0,108786,67.81,,0.3386,,,,2025-05-10T21:24:02.489Z
2025-05-10 21:26:42,103237.51496235616,103237,2050577335188,1,19360626009,19863006.0,21000000.0,108786,67.81,,0.29639,,,,2025-05-10T21:26:34.010Z
2025-05-10 21:29:34,103224.05102787454,103224,2050598470412,1,19463736688,19863006.0,21000000.0,108786,67.81,,0.28373,,,,2025-05-10T21:30:03.662Z
2025-05-10 21:33:02,103235.62480873529,103235,2050540160327,1,19445396062,19863006.0,21000000.0,108786,67.81,,0.27208,,,,2025-05-10T21:32:44.533Z
2025-05-10 21:35:37,103229.37072020966,103230,2050540160327,1,19442492283,19863006.0,21000000.0,108786,67.81,,0.26738,,,,2025-05-10T21:36:04.645Z
2025-05-10 21:38:44,103247.77892825691,103248,2050566954433,1,19192196120,19863006.0,21000000.0,108786,67.81,,0.28443,,,,2025-05-10T21:38:44.986Z
2025-05-10 21:42:03,103255.96352633375,103254,2050566954433,1,19347453169,19863006.0,21000000.0,108786,67.81,,0.35352,,,,2025-05-10T21:41:32.522Z
2025-05-10 21:44:48,103269.13341744427,103276,2050949153381,1,19382231150,19863006.0,21000000.0,108786,67.81,,0.37492,,,,2025-05-10T21:45:02.030Z
2025-05-10 21:48:12,103378.65193757188,103365,2052047562587,1,19382713399,19863006.0,21000000.0,108786,67.81,,0.48144,,,,2025-05-10T21:47:34.249Z
2025-05-10 21:51:14,103426.33639742236,103426,2054316084485,1,19571282011,19863006.0,21000000.0,108786,67.81,,0.54141,,,,2025-05-10T21:51:14.647Z
2025-05-10 21:53:54,103429.64219369533,103424,2054316084485,1,19334253345,19863006.0,21000000.0,108786,67.81,,0.50905,,,,2025-05-10T21:54:13.183Z
2025-05-10 21:57:17,103525.77222413734,103528,2055559421273,1,19399828401,19863006.0,21000000.0,108786,67.81,,0.53459,,,,2025-05-10T21:57:02.739Z
2025-05-10 22:00:02,103642.14772777562,103632,2055559421273,1,19724143826,19863006.0,21000000.0,108786,67.81,,0.63559,,,,2025-05-10T21:59:48.149Z
2025-05-10 22:02:45,103683.16613961126,103683,2059266379625,1,19758712157,19863006.0,21000000.0,108786,67.81,,0.64873,,,,2025-05-10T22:02:45.152Z
2025-05-10 22:06:22,103635.37882633164,103670,2059266379625,1,19779464285,19863006.0,21000000.0,108786,67.81,,0.63567,,,,2025-05-10T22:06:04.237Z
2025-05-10 22:09:08,103602.50421830377,103601,2058211025330,1,19502659289,19863006.0,21000000.0,108786,67.81,,0.57105,,,,2025-05-10T22:08:45.710Z
